Date,Last Year Quantity,Avg Last Year,Average Temperature (°C),Average Dew Point (°C),Average Humidity (%),Average Wind Speed (km/h),Average Pressure (hPa),Quantity,Max Rate,Year,Month,Day,Variety_Mishrathali,Disease_Flacherie,Disease_Grasserie,Disease_Muscardine,Disease_Nematodes and Parasitic Worms,Disease_Pebrine,Disease_Uzi Fly
2021-04-02,3.0,304.0,27.9,8.9,35.2,9.7,906.5,10.885,369.0,2021,4,2,True,True,False,False,False,False,False
2021-04-02,9.83,380.0,27.9,8.9,35.2,9.7,906.5,19.078,456.0,2021,4,2,False,True,False,False,False,False,False
2021-04-03,18.701,332.0,28.3,14.9,48.6,10.5,907.4,22.601,467.0,2021,4,3,False,True,False,False,False,False,False
2021-04-03,7.682,303.0,28.3,14.9,48.6,10.5,907.4,12.982,362.0,2021,4,3,True,True,False,False,False,False,False
2021-04-04,9.618,311.0,28.6,12.6,41.0,10.0,908.4,11.832,395.0,2021,4,4,True,True,False,False,False,False,False
2021-04-04,15.608,330.0,28.6,12.6,41.0,10.0,908.4,16.25,463.0,2021,4,4,False,True,False,False,False,False,False
2021-06-01,10.278,279.0,26.2,18.8,65.5,15.0,906.8,7.436,470.0,2021,6,1,False,False,False,False,False,False,True
2021-06-01,17.216,211.0,26.2,18.8,65.5,15.0,906.8,7.92,376.0,2021,6,1,True,False,False,False,False,False,True
2021-06-02,8.763,298.0,25.3,20.5,76.4,9.6,907.1,8.648,486.0,2021,6,2,False,False,False,False,False,False,True
2021-06-02,15.523,220.0,25.3,20.5,76.4,9.6,907.1,9.772,390.0,2021,6,2,True,False,False,False,False,False,True
2021-06-03,13.033,220.0,23.8,20.7,84.0,8.4,908.2,10.323,398.0,2021,6,3,True,False,False,False,False,False,True
2021-06-03,13.52,290.0,23.8,20.7,84.0,8.4,908.2,23.164,500.0,2021,6,3,False,False,False,False,False,False,True
2021-06-04,12.473,204.0,23.7,20.6,85.0,7.2,908.5,9.919,396.0,2021,6,4,True,False,False,False,False,False,True
2021-06-04,20.02,266.0,23.7,20.6,85.0,7.2,908.5,16.48,480.0,2021,6,4,False,False,False,False,False,False,True
2021-06-05,12.38,210.0,23.8,20.4,82.9,12.2,908.0,9.165,389.0,2021,6,5,True,False,False,False,False,False,True
2021-06-05,13.08,275.0,23.8,20.4,82.9,12.2,908.0,11.784,485.0,2021,6,5,False,False,False,False,False,False,True
2021-06-06,16.386,264.0,24.8,19.3,72.5,13.3,908.0,9.445,472.0,2021,6,6,False,False,False,False,False,False,True
2021-06-06,14.492,211.0,24.8,19.3,72.5,13.3,908.0,8.33,373.0,2021,6,6,True,False,False,False,False,False,True
2021-06-07,10.592,271.0,26.2,18.1,62.0,10.0,908.1,15.439,468.0,2021,6,7,False,False,False,False,False,False,True
2021-06-07,10.819,215.0,26.2,18.1,62.0,10.0,908.1,7.616,386.0,2021,6,7,True,False,False,False,False,False,True
2021-06-08,16.017,280.0,25.5,16.9,60.9,16.8,907.5,9.562,499.0,2021,6,8,False,False,False,False,False,False,True
2021-06-08,9.984,225.0,25.5,16.9,60.9,16.8,907.5,8.214,392.0,2021,6,8,True,False,False,False,False,False,True
2021-06-09,12.901,227.0,23.9,17.5,69.6,21.9,906.9,8.503,370.0,2021,6,9,True,False,False,False,False,False,True
2021-06-09,13.892,292.0,23.9,17.5,69.6,21.9,906.9,15.904,481.0,2021,6,9,False,False,False,False,False,False,True
2021-06-10,17.47,225.0,24.5,18.4,69.7,23.3,906.0,9.022,395.0,2021,6,10,True,False,False,False,False,False,True
2021-06-10,8.829,308.0,24.5,18.4,69.7,23.3,906.0,10.136,470.0,2021,6,10,False,False,False,False,False,False,True
2021-06-11,13.322,303.0,24.2,17.6,68.0,28.2,906.0,10.548,512.0,2021,6,11,False,False,False,False,False,False,True
2021-06-11,17.59,213.0,24.2,17.6,68.0,28.2,906.0,10.069,446.0,2021,6,11,True,False,False,False,False,False,True
2021-06-12,7.711,322.0,23.5,18.7,75.2,26.0,906.1,15.539,496.0,2021,6,12,False,False,False,False,False,False,True
2021-06-12,16.285,218.0,23.5,18.7,75.2,26.0,906.1,10.398,440.0,2021,6,12,True,False,False,False,False,False,True
2021-06-13,11.357,310.0,22.6,18.6,78.4,25.4,905.9,13.731,505.0,2021,6,13,False,False,False,False,False,False,True
2021-06-13,15.631,225.0,22.6,18.6,78.4,25.4,905.9,8.143,362.0,2021,6,13,True,False,False,False,False,False,True
2021-06-14,11.598,238.0,23.2,18.5,75.2,27.9,905.3,8.281,391.0,2021,6,14,True,False,False,False,False,False,True
2021-06-14,4.026,304.0,23.2,18.5,75.2,27.9,905.3,16.191,482.0,2021,6,14,False,False,False,False,False,False,True
2021-06-15,11.733,240.0,23.4,19.0,77.0,23.8,904.9,10.909,386.0,2021,6,15,True,False,False,False,False,False,True
2021-06-15,13.331,309.0,23.4,19.0,77.0,23.8,904.9,13.909,478.0,2021,6,15,False,False,False,False,False,False,True
2021-06-16,18.637,297.0,23.5,19.1,77.6,23.3,906.2,11.781,498.0,2021,6,16,False,False,False,False,False,False,True
2021-06-16,15.548,238.0,23.5,19.1,77.6,23.3,906.2,7.487,399.0,2021,6,16,True,False,False,False,False,False,True
2021-06-17,17.227,226.0,23.7,18.6,74.3,27.3,906.9,7.973,400.0,2021,6,17,True,False,False,False,False,False,True
2021-06-17,22.662,271.0,23.7,18.6,74.3,27.3,906.9,12.086,478.0,2021,6,17,False,False,False,False,False,False,True
2021-06-18,22.111,263.0,23.9,18.2,71.4,25.0,908.2,11.429,486.0,2021,6,18,False,False,False,False,False,False,True
2021-06-18,14.54,215.0,23.9,18.2,71.4,25.0,908.2,10.067,389.0,2021,6,18,True,False,False,False,False,False,True
2021-06-19,15.127,215.0,23.5,17.8,71.5,26.0,909.3,12.67,389.0,2021,6,19,True,False,False,False,False,False,True
2021-06-19,14.437,269.0,23.5,17.8,71.5,26.0,909.3,16.367,502.0,2021,6,19,False,False,False,False,False,False,True
2021-06-20,17.009,259.0,24.4,17.8,68.4,22.6,909.5,13.239,502.0,2021,6,20,False,False,False,False,False,False,True
2021-06-20,19.127,212.0,24.4,17.8,68.4,22.6,909.5,10.725,391.0,2021,6,20,True,False,False,False,False,False,True
2021-06-21,10.711,260.0,24.9,18.2,68.5,18.4,908.5,10.712,510.0,2021,6,21,False,False,False,False,False,False,True
2021-06-21,13.902,219.0,24.9,18.2,68.5,18.4,908.5,12.597,390.0,2021,6,21,True,False,False,False,False,False,True
2021-06-22,12.363,276.0,24.3,17.5,66.7,16.2,907.9,11.407,485.0,2021,6,22,False,False,False,False,False,False,True
2021-06-22,18.069,217.0,24.3,17.5,66.7,16.2,907.9,12.726,393.0,2021,6,22,True,False,False,False,False,False,True
2021-06-23,9.24,276.0,24.8,18.1,67.3,12.4,907.6,19.538,491.0,2021,6,23,False,False,False,False,False,False,True
2021-06-23,16.508,217.0,24.8,18.1,67.3,12.4,907.6,11.394,390.0,2021,6,23,True,False,False,False,False,False,True
2021-06-24,15.953,215.0,24.0,17.8,70.1,18.5,908.2,8.449,391.0,2021,6,24,True,False,False,False,False,False,True
2021-06-24,12.8,275.0,24.0,17.8,70.1,18.5,908.2,26.404,499.0,2021,6,24,False,False,False,False,False,False,True
2021-06-25,24.052,254.0,24.4,16.4,64.1,21.9,906.9,28.234,476.0,2021,6,25,False,False,False,False,False,False,True
2021-06-25,12.592,208.0,24.4,16.4,64.1,21.9,906.9,10.318,397.0,2021,6,25,True,False,False,False,False,False,True
2021-06-26,24.773,237.0,22.7,18.5,78.8,18.8,906.9,23.637,485.0,2021,6,26,False,False,False,False,False,False,True
2021-06-26,14.755,200.0,22.7,18.5,78.8,18.8,906.9,10.815,395.0,2021,6,26,True,False,False,False,False,False,True
2021-06-27,22.497,223.0,21.8,19.4,86.6,12.3,907.8,24.229,450.0,2021,6,27,False,False,False,False,False,False,True
2021-06-27,27.363,225.0,21.8,19.4,86.6,12.3,907.8,14.49,495.0,2021,6,27,True,False,False,False,False,False,True
2021-06-28,13.954,229.0,23.5,17.9,72.4,9.2,907.4,33.297,489.0,2021,6,28,False,False,False,False,False,False,True
2021-06-28,15.292,193.0,23.5,17.9,72.4,9.2,907.4,9.073,393.0,2021,6,28,True,False,False,False,False,False,True
2021-06-29,18.585,177.0,26.2,18.7,65.5,10.1,906.9,7.199,400.0,2021,6,29,True,False,False,False,False,False,True
2021-06-29,15.334,224.0,26.2,18.7,65.5,10.1,906.9,20.814,486.0,2021,6,29,False,False,False,False,False,False,True
2021-06-30,14.634,171.0,27.8,18.7,59.0,9.9,906.9,6.777,402.0,2021,6,30,True,False,False,False,False,False,True
2021-06-30,17.964,237.0,27.8,18.7,59.0,9.9,906.9,26.271,493.0,2021,6,30,False,False,False,False,False,False,True
2021-07-01,18.511,169.0,25.5,20.0,72.8,14.2,906.0,9.85,397.0,2021,7,1,True,False,False,False,False,True,False
2021-07-01,18.472,232.0,25.5,20.0,72.8,14.2,906.0,14.758,466.0,2021,7,1,False,False,False,False,False,True,False
2021-07-02,21.866,508.0,25.8,18.4,64.4,16.0,906.8,14.085,487.0,2021,7,2,False,False,False,False,False,True,False
2021-07-02,10.121,447.0,25.8,18.4,64.4,16.0,906.8,15.308,385.0,2021,7,2,True,False,False,False,False,True,False
2021-07-03,11.864,176.0,25.6,18.2,64.7,12.1,907.1,15.266,371.0,2021,7,3,True,False,False,False,False,True,False
2021-07-03,17.567,226.0,25.6,18.2,64.7,12.1,907.1,21.898,475.0,2021,7,3,False,False,False,False,False,True,False
2021-07-04,22.818,221.0,24.5,19.1,73.0,14.2,907.6,26.527,500.0,2021,7,4,False,False,False,False,False,True,False
2021-07-04,14.911,176.0,24.5,19.1,73.0,14.2,907.6,12.911,389.0,2021,7,4,True,False,False,False,False,True,False
2021-07-06,18.903,196.0,25.4,19.6,71.3,8.4,905.7,26.007,450.0,2021,7,6,False,False,False,False,False,True,False
2021-07-06,23.607,156.0,25.4,19.6,71.3,8.4,905.7,11.992,397.0,2021,7,6,True,False,False,False,False,True,False
2021-07-07,14.974,160.0,24.9,20.0,74.8,12.7,906.1,12.008,400.0,2021,7,7,True,False,False,False,False,True,False
2021-07-07,20.535,200.0,24.9,20.0,74.8,12.7,906.1,28.501,493.0,2021,7,7,False,False,False,False,False,True,False
2021-07-08,18.626,217.0,25.0,19.7,73.7,11.6,905.7,29.918,466.0,2021,7,8,False,False,False,False,False,True,False
2021-07-08,15.425,174.0,25.0,19.7,73.7,11.6,905.7,11.037,382.0,2021,7,8,True,False,False,False,False,True,False
2021-07-09,12.908,201.0,23.8,19.6,78.3,15.8,904.4,20.288,480.0,2021,7,9,False,False,False,False,False,True,False
2021-07-09,13.979,162.0,23.8,19.6,78.3,15.8,904.4,9.682,377.0,2021,7,9,True,False,False,False,False,True,False
2021-07-10,16.053,158.0,22.8,18.6,78.4,22.1,904.0,12.318,382.0,2021,7,10,True,False,False,False,False,True,False
2021-07-10,14.164,194.0,22.8,18.6,78.4,22.1,904.0,22.05,466.0,2021,7,10,False,False,False,False,False,True,False
2021-07-11,14.651,212.0,22.7,18.4,77.2,23.9,903.9,21.92,489.0,2021,7,11,False,False,False,False,False,True,False
2021-07-11,13.577,166.0,22.7,18.4,77.2,23.9,903.9,12.969,390.0,2021,7,11,True,False,False,False,False,True,False
2021-07-13,18.813,171.0,22.2,19.4,84.2,18.8,905.0,8.814,375.0,2021,7,13,True,False,False,False,False,True,False
2021-07-13,14.457,215.0,22.2,19.4,84.2,18.8,905.0,19.519,477.0,2021,7,13,False,False,False,False,False,True,False
2021-07-14,25.823,207.0,21.9,20.2,90.3,16.4,905.1,20.096,493.0,2021,7,14,False,False,False,False,False,True,False
2021-07-14,17.396,168.0,21.9,20.2,90.3,16.4,905.1,9.516,382.0,2021,7,14,True,False,False,False,False,True,False
2021-07-15,18.019,207.0,22.3,20.0,87.0,17.4,905.0,7.761,385.0,2021,7,15,True,False,False,False,False,True,False
2021-07-15,18.245,207.0,22.3,20.0,87.0,17.4,905.0,10.719,499.0,2021,7,15,False,False,False,False,False,True,False
2021-07-16,17.407,206.0,22.9,19.7,82.6,16.3,906.9,20.603,489.0,2021,7,16,False,False,False,False,False,True,False
2021-07-16,21.288,166.0,22.9,19.7,82.6,16.3,906.9,9.201,389.0,2021,7,16,True,False,False,False,False,True,False
2021-07-17,17.65,169.0,23.2,19.7,81.6,16.3,906.7,16.932,398.0,2021,7,17,True,False,False,False,False,True,False
2021-07-17,14.593,200.0,23.2,19.7,81.6,16.3,906.7,26.035,477.0,2021,7,17,False,False,False,False,False,True,False
2021-07-18,8.654,219.0,23.0,19.7,82.2,20.4,906.0,21.379,479.0,2021,7,18,False,False,False,False,False,True,False
2021-07-18,21.259,169.0,23.0,19.7,82.2,20.4,906.0,16.069,384.0,2021,7,18,True,False,False,False,False,True,False
2021-07-20,24.546,211.0,22.7,19.3,82.0,24.0,908.0,21.165,494.0,2021,7,20,False,False,False,False,False,True,False
2021-07-20,24.917,163.0,22.7,19.3,82.0,24.0,908.0,16.597,389.0,2021,7,20,True,False,False,False,False,True,False
2021-07-21,23.042,164.0,22.6,19.3,81.7,22.8,906.5,6.807,392.0,2021,7,21,True,False,False,False,False,True,False
2021-07-21,29.29,199.0,22.6,19.3,81.7,22.8,906.5,6.444,500.0,2021,7,21,False,False,False,False,False,True,False
2021-07-22,17.027,171.0,21.9,19.1,84.5,26.2,904.0,13.807,387.0,2021,7,22,True,False,False,False,False,True,False
2021-07-22,22.41,208.0,21.9,19.1,84.5,26.2,904.0,20.672,500.0,2021,7,22,False,False,False,False,False,True,False
2021-07-23,14.778,174.0,22.6,19.3,82.1,23.8,904.4,13.312,396.0,2021,7,23,True,False,False,False,False,True,False
2021-07-23,15.778,218.0,22.6,19.3,82.1,23.8,904.4,22.424,483.0,2021,7,23,False,False,False,False,False,True,False
2021-07-24,14.255,176.0,23.5,19.8,80.3,21.7,905.8,8.799,387.0,2021,7,24,True,False,False,False,False,True,False
2021-07-24,19.679,216.0,23.5,19.8,80.3,21.7,905.8,15.207,458.0,2021,7,24,False,False,False,False,False,True,False
2021-07-25,19.883,176.0,23.7,19.8,80.3,20.3,906.8,10.893,385.0,2021,7,25,True,False,False,False,False,True,False
2021-07-25,26.878,217.0,23.7,19.8,80.3,20.3,906.8,14.993,490.0,2021,7,25,False,False,False,False,False,True,False
2021-07-27,20.848,223.0,23.5,18.4,74.5,24.5,906.7,28.965,475.0,2021,7,27,True,False,False,False,False,True,False
2021-07-27,37.194,227.0,23.5,18.4,74.5,24.5,906.7,16.48,466.0,2021,7,27,False,False,False,False,False,True,False
2021-07-28,17.246,182.0,23.8,18.3,72.6,24.2,907.3,10.041,372.0,2021,7,28,True,False,False,False,False,True,False
2021-07-28,19.008,225.0,23.8,18.3,72.6,24.2,907.3,17.763,491.0,2021,7,28,False,False,False,False,False,True,False
2021-07-29,13.42,192.0,23.5,18.3,73.3,23.4,907.9,7.585,396.0,2021,7,29,True,False,False,False,False,True,False
2021-07-29,19.295,226.0,23.5,18.3,73.3,23.4,907.9,20.792,478.0,2021,7,29,False,False,False,False,False,True,False
2021-07-30,8.896,198.0,23.2,18.8,77.9,22.0,908.5,5.059,386.0,2021,7,30,True,False,False,False,False,True,False
2021-07-30,23.587,221.0,23.2,18.8,77.9,22.0,908.5,22.463,486.0,2021,7,30,False,False,False,False,False,True,False
2021-07-31,15.425,174.0,24.3,17.9,68.5,22.7,908.9,5.913,390.0,2021,7,31,True,False,False,False,False,True,False
2021-07-31,18.626,217.0,24.3,17.9,68.5,22.7,908.9,27.448,476.0,2021,7,31,False,False,False,False,False,True,False
2021-08-01,6.114,179.0,23.4,18.0,72.6,21.4,907.8,7.518,388.0,2021,8,1,True,False,False,False,False,True,False
2021-08-01,9.712,220.0,23.4,18.0,72.6,21.4,907.8,20.721,469.0,2021,8,1,False,False,False,False,False,True,False
2021-08-03,19.475,174.0,23.8,18.6,73.3,21.7,909.5,6.44,431.0,2021,8,3,True,False,False,False,False,True,False
2021-08-03,22.414,229.0,23.8,18.6,73.3,21.7,909.5,10.088,544.0,2021,8,3,False,False,False,False,False,True,False
2021-08-04,10.855,167.0,23.6,18.8,75.1,23.0,909.2,7.072,402.0,2021,8,4,True,False,False,False,False,True,False
2021-08-04,33.122,229.0,23.6,18.8,75.1,23.0,909.2,15.635,537.0,2021,8,4,False,False,False,False,False,True,False
2021-08-05,7.277,165.0,23.5,19.5,79.8,20.3,907.4,7.897,412.0,2021,8,5,True,False,False,False,False,True,False
2021-08-05,24.538,220.0,23.5,19.5,79.8,20.3,907.4,24.246,525.0,2021,8,5,False,False,False,False,False,True,False
2021-08-06,6.241,213.0,23.8,19.5,77.9,17.6,906.9,7.697,420.0,2021,8,6,True,False,False,False,False,True,False
2021-08-06,17.154,241.0,23.8,19.5,77.9,17.6,906.9,18.589,512.0,2021,8,6,False,False,False,False,False,True,False
2021-08-07,13.812,249.0,24.2,19.2,75.2,14.8,907.4,17.538,542.0,2021,8,7,False,False,False,False,False,True,False
2021-08-07,6.733,229.0,24.2,19.2,75.2,14.8,907.4,5.571,420.0,2021,8,7,True,False,False,False,False,True,False
2021-08-08,4.973,246.0,24.8,19.2,72.2,12.9,908.1,6.289,420.0,2021,8,8,True,False,False,False,False,True,False
2021-08-08,11.497,262.0,24.8,19.2,72.2,12.9,908.1,10.635,525.0,2021,8,8,False,False,False,False,False,True,False
2021-08-09,4.407,254.0,25.2,19.5,72.0,14.6,908.3,7.358,415.0,2021,8,9,True,False,False,False,False,True,False
2021-08-09,15.748,261.0,25.2,19.5,72.0,14.6,908.3,18.497,538.0,2021,8,9,False,False,False,False,False,True,False
2021-08-10,19.797,268.0,23.3,19.8,81.2,16.0,908.5,24.569,510.0,2021,8,10,False,False,False,False,False,True,False
2021-08-10,7.791,251.0,23.3,19.8,81.2,16.0,908.5,8.293,418.0,2021,8,10,True,False,False,False,False,True,False
2021-08-11,9.406,236.0,24.3,19.1,73.9,15.2,908.5,6.1,422.0,2021,8,11,True,False,False,False,False,True,False
2021-08-11,20.656,266.0,24.3,19.1,73.9,15.2,908.5,22.862,533.0,2021,8,11,False,False,False,False,False,True,False
2021-08-12,14.48,292.0,23.2,18.4,75.1,19.2,909.1,21.378,533.0,2021,8,12,False,False,False,False,False,True,False
2021-08-12,9.096,242.0,23.2,18.4,75.1,19.2,909.1,4.823,426.0,2021,8,12,True,False,False,False,False,True,False
2021-08-13,17.147,284.0,23.5,18.8,75.5,14.3,907.6,22.346,530.0,2021,8,13,False,False,False,False,False,True,False
2021-08-13,9.203,247.0,23.5,18.8,75.5,14.3,907.6,4.951,422.0,2021,8,13,True,False,False,False,False,True,False
2021-08-14,10.435,251.0,23.5,18.2,73.3,18.4,906.6,7.0,426.0,2021,8,14,True,False,False,False,False,True,False
2021-08-14,18.195,290.0,23.5,18.2,73.3,18.4,906.6,24.57,501.0,2021,8,14,False,False,False,False,False,True,False
2021-08-16,11.747,252.0,22.9,18.8,78.9,17.1,907.8,8.574,420.0,2021,8,16,True,False,False,False,False,True,False
2021-08-16,15.056,295.0,22.9,18.8,78.9,17.1,907.8,30.99,562.0,2021,8,16,False,False,False,False,False,True,False
2021-08-17,10.448,257.0,23.2,18.9,77.2,17.7,907.7,6.714,420.0,2021,8,17,True,False,False,False,False,True,False
2021-08-17,23.797,298.0,23.2,18.9,77.2,17.7,907.7,25.015,550.0,2021,8,17,False,False,False,False,False,True,False
2021-08-18,10.129,260.0,23.4,18.8,76.5,19.2,906.6,5.037,417.0,2021,8,18,True,False,False,False,False,True,False
2021-08-18,16.714,367.0,23.4,18.8,76.5,19.2,906.6,15.788,530.0,2021,8,18,False,False,False,False,False,True,False
2021-08-19,15.8,310.0,23.2,18.9,78.5,16.8,906.5,14.376,545.0,2021,8,19,False,False,False,False,False,True,False
2021-08-19,13.8,253.0,23.2,18.9,78.5,16.8,906.5,5.884,426.0,2021,8,19,True,False,False,False,False,True,False
2021-08-20,15.0,232.0,24.0,19.0,74.4,10.8,907.4,6.412,411.0,2021,8,20,True,False,False,False,False,True,False
2021-08-20,21.485,299.0,24.0,19.0,74.4,10.8,907.4,15.994,528.0,2021,8,20,False,False,False,False,False,True,False
2021-08-21,15.932,295.0,22.0,19.2,84.8,7.6,908.7,15.539,526.0,2021,8,21,False,False,False,False,False,True,False
2021-08-21,14.759,224.0,22.0,19.2,84.8,7.6,908.7,7.104,431.0,2021,8,21,True,False,False,False,False,True,False
2021-08-22,8.734,291.0,22.3,19.4,84.8,6.5,908.4,18.17,520.0,2021,8,22,False,False,False,False,False,True,False
2021-08-22,14.524,224.0,22.3,19.4,84.8,6.5,908.4,5.972,428.0,2021,8,22,True,False,False,False,False,True,False
2021-08-23,8.317,301.0,23.0,19.5,82.3,11.3,908.0,15.619,525.0,2021,8,23,False,False,False,False,False,True,False
2021-08-23,9.887,243.0,23.0,19.5,82.3,11.3,908.0,4.832,417.0,2021,8,23,True,False,False,False,False,True,False
2021-08-24,15.179,243.0,24.3,19.6,76.4,11.2,907.8,3.46,443.0,2021,8,24,True,False,False,False,False,True,False
2021-08-24,14.692,319.0,24.3,19.6,76.4,11.2,907.8,21.95,530.0,2021,8,24,False,False,False,False,False,True,False
2021-08-25,10.473,334.0,23.5,19.5,79.4,11.3,907.0,20.149,579.0,2021,8,25,False,False,False,False,False,True,False
2021-08-25,14.736,245.0,23.5,19.5,79.4,11.3,907.0,5.438,470.0,2021,8,25,True,False,False,False,False,True,False
2021-08-26,14.632,319.0,23.9,19.4,77.7,12.4,905.6,21.836,604.0,2021,8,26,False,False,False,False,False,True,False
2021-08-26,10.86,252.0,23.9,19.4,77.7,12.4,905.6,7.251,458.0,2021,8,26,True,False,False,False,False,True,False
2021-08-27,16.243,314.0,23.2,20.1,83.5,14.3,905.2,15.797,588.0,2021,8,27,False,False,False,False,False,True,False
2021-08-27,9.298,267.0,23.2,20.1,83.5,14.3,905.2,8.192,450.0,2021,8,27,True,False,False,False,False,True,False
2021-08-28,6.72,271.0,22.5,19.1,81.9,16.6,904.3,5.993,450.0,2021,8,28,True,False,False,False,False,True,False
2021-08-28,19.908,310.0,22.5,19.1,81.9,16.6,904.3,16.645,600.0,2021,8,28,False,False,False,False,False,True,False
2021-08-29,29.771,290.0,22.6,18.3,77.5,19.7,904.2,17.071,620.0,2021,8,29,False,False,False,False,False,True,False
2021-08-29,6.503,268.0,22.6,18.3,77.5,19.7,904.2,5.128,458.0,2021,8,29,True,False,False,False,False,True,False
2021-08-30,8.163,264.0,22.5,18.3,78.2,17.6,905.4,5.283,466.0,2021,8,30,True,False,False,False,False,True,False
2021-08-30,18.013,293.0,22.5,18.3,78.2,17.6,905.4,19.563,591.0,2021,8,30,False,False,False,False,False,True,False
2021-08-31,12.193,314.0,24.5,17.9,68.3,13.4,906.6,9.836,621.0,2021,8,31,False,False,False,False,False,True,False
2021-08-31,11.475,259.0,24.5,17.9,68.3,13.4,906.6,6.6,459.0,2021,8,31,True,False,False,False,False,True,False
2021-09-01,19.715,301.0,24.1,18.6,72.5,11.3,907.5,14.728,571.0,2021,9,1,False,False,False,False,True,False,False
2021-09-01,11.752,257.0,24.1,18.6,72.5,11.3,907.5,7.246,452.0,2021,9,1,True,False,False,False,True,False,False
2021-09-02,11.456,265.0,22.9,19.3,81.1,14.2,907.1,7.175,460.0,2021,9,2,True,False,False,False,True,False,False
2021-09-02,8.636,321.0,22.9,19.3,81.1,14.2,907.1,12.973,573.0,2021,9,2,False,False,False,False,True,False,False
2021-09-03,12.205,320.0,22.1,19.5,85.2,12.9,906.6,9.582,597.0,2021,9,3,False,False,False,False,True,False,False
2021-09-03,11.371,266.0,22.1,19.5,85.2,12.9,906.6,5.334,461.0,2021,9,3,True,False,False,False,True,False,False
2021-09-04,11.568,259.0,22.5,19.1,81.6,18.6,906.6,4.96,444.0,2021,9,4,True,False,False,False,True,False,False
2021-09-04,11.936,321.0,22.5,19.1,81.6,18.6,906.6,12.119,619.0,2021,9,4,False,False,False,False,True,False,False
2021-09-05,13.428,239.0,22.4,19.2,82.7,20.5,906.3,6.772,485.0,2021,9,5,True,False,False,False,True,False,False
2021-09-05,22.004,305.0,22.4,19.2,82.7,20.5,906.3,17.285,619.0,2021,9,5,False,False,False,False,True,False,False
2021-09-06,18.58,294.0,22.5,18.8,80.3,22.3,906.1,24.524,588.0,2021,9,6,False,False,False,False,True,False,False
2021-09-06,10.919,221.0,22.5,18.8,80.3,22.3,906.1,6.752,467.0,2021,9,6,True,False,False,False,True,False,False
2021-09-07,13.88,214.0,22.6,18.4,77.8,24.1,906.1,8.568,450.0,2021,9,7,True,False,False,False,True,False,False
2021-09-07,23.246,284.0,22.6,18.4,77.8,24.1,906.1,15.879,590.0,2021,9,7,False,False,False,False,True,False,False
2021-09-08,20.242,274.0,23.0,18.5,76.5,21.9,907.8,12.789,596.0,2021,9,8,False,False,False,False,True,False,False
2021-09-08,13.17,214.0,23.0,18.5,76.5,21.9,907.8,8.94,482.0,2021,9,8,True,False,False,False,True,False,False
2021-09-09,16.921,270.0,24.1,18.9,73.7,19.6,908.7,17.475,596.0,2021,9,9,False,False,False,False,True,False,False
2021-09-09,15.582,216.0,24.1,18.9,73.7,19.6,908.7,12.419,455.0,2021,9,9,True,False,False,False,True,False,False
2021-09-10,16.878,265.0,24.1,18.7,73.5,18.9,907.7,14.509,590.0,2021,9,10,False,False,False,False,True,False,False
2021-09-10,15.696,210.0,24.1,18.7,73.5,18.9,907.7,9.543,425.0,2021,9,10,True,False,False,False,True,False,False
2021-09-11,24.84,254.0,24.1,19.0,74.3,22.6,906.8,15.095,596.0,2021,9,11,False,False,False,False,True,False,False
2021-09-11,16.04,213.0,24.1,19.0,74.3,22.6,906.8,6.253,451.0,2021,9,11,True,False,False,False,True,False,False
2021-09-12,12.813,219.0,24.1,18.8,72.7,25.7,905.6,8.829,445.0,2021,9,12,True,False,False,False,True,False,False
2021-09-12,22.061,251.0,24.1,18.8,72.7,25.7,905.6,15.879,590.0,2021,9,12,False,False,False,False,True,False,False
2021-09-13,9.666,230.0,24.0,19.0,74.1,25.6,905.3,8.197,450.0,2021,9,13,True,False,False,False,True,False,False
2021-09-13,16.086,259.0,24.0,19.0,74.1,25.6,905.3,12.235,606.0,2021,9,13,False,False,False,False,True,False,False
2021-09-14,8.732,231.0,24.3,18.6,71.5,21.4,906.2,8.742,480.0,2021,9,14,True,False,False,False,True,False,False
2021-09-14,13.772,275.0,24.3,18.6,71.5,21.4,906.2,15.592,596.0,2021,9,14,False,False,False,False,True,False,False
2021-09-15,10.95,231.0,24.0,18.8,73.8,16.5,907.1,7.985,485.0,2021,9,15,True,False,False,False,True,False,False
2021-09-15,13.692,275.0,24.0,18.8,73.8,16.5,907.1,28.016,611.0,2021,9,15,False,False,False,False,True,False,False
2021-09-17,9.263,226.0,25.2,17.3,63.6,12.5,907.0,7.603,484.0,2021,9,17,True,False,False,False,True,False,False
2021-09-17,19.381,279.0,25.2,17.3,63.6,12.5,907.0,19.747,603.0,2021,9,17,False,False,False,False,True,False,False
2021-09-18,15.268,279.0,25.6,17.4,62.1,7.3,908.4,24.316,580.0,2021,9,18,False,False,False,False,True,False,False
2021-09-18,7.835,223.0,25.6,17.4,62.1,7.3,908.4,7.208,486.0,2021,9,18,True,False,False,False,True,False,False
2021-09-19,21.246,272.0,25.4,18.7,68.0,5.8,909.2,23.876,605.0,2021,9,19,False,False,False,False,True,False,False
2021-09-19,15.096,221.0,25.4,18.7,68.0,5.8,909.2,7.611,482.0,2021,9,19,True,False,False,False,True,False,False
2021-09-20,13.947,273.0,23.3,19.9,82.5,8.8,908.4,30.253,560.0,2021,9,20,False,False,False,False,True,False,False
2021-09-20,12.559,230.0,23.3,19.9,82.5,8.8,908.4,10.585,450.0,2021,9,20,True,False,False,False,True,False,False
2021-09-21,20.355,277.0,23.3,19.8,82.4,13.2,907.4,24.627,593.0,2021,9,21,False,False,False,False,True,False,False
2021-09-21,12.47,234.0,23.3,19.8,82.4,13.2,907.4,9.378,466.0,2021,9,21,True,False,False,False,True,False,False
2021-09-22,19.028,272.0,23.6,19.3,77.8,12.7,906.2,19.683,579.0,2021,9,22,False,False,False,False,True,False,False
2021-09-22,11.028,237.0,23.6,19.3,77.8,12.7,906.2,7.334,455.0,2021,9,22,True,False,False,False,True,False,False
2021-09-23,12.306,239.0,23.7,19.1,76.2,13.3,906.9,7.617,465.0,2021,9,23,True,False,False,False,True,False,False
2021-09-23,10.042,298.0,23.7,19.1,76.2,13.3,906.9,14.119,605.0,2021,9,23,False,False,False,False,True,False,False
2021-09-24,23.296,285.0,24.0,19.5,76.7,8.3,907.3,21.223,578.0,2021,9,24,False,False,False,False,True,False,False
2021-09-24,17.129,226.0,24.0,19.5,76.7,8.3,907.3,7.752,470.0,2021,9,24,True,False,False,False,True,False,False
2021-09-25,13.87,225.0,23.9,20.0,80.6,13.1,906.6,6.991,476.0,2021,9,25,True,False,False,False,True,False,False
2021-09-25,21.985,274.0,23.9,20.0,80.6,13.1,906.6,22.162,582.0,2021,9,25,False,False,False,False,True,False,False
2021-09-26,17.326,222.0,23.7,19.3,77.3,13.9,904.8,9.258,469.0,2021,9,26,True,False,False,False,True,False,False
2021-09-26,27.581,267.0,23.7,19.3,77.3,13.9,904.8,21.258,554.0,2021,9,26,False,False,False,False,True,False,False
2021-09-27,18.868,274.0,23.0,18.5,76.7,21.9,904.1,24.924,566.0,2021,9,27,True,False,False,False,True,False,False
2021-09-27,31.985,267.0,23.0,18.5,76.7,21.9,904.1,20.784,540.0,2021,9,27,False,False,False,False,True,False,False
2021-09-28,11.634,279.0,22.8,18.5,77.7,20.0,906.4,21.662,599.0,2021,9,28,False,False,False,False,True,False,False
2021-09-28,9.894,241.0,22.8,18.5,77.7,20.0,906.4,9.716,491.0,2021,9,28,True,False,False,False,True,False,False
2021-09-29,20.499,287.0,23.8,18.4,73.3,17.7,907.9,18.349,642.0,2021,9,29,False,False,False,False,True,False,False
2021-09-29,13.167,236.0,23.8,18.4,73.3,17.7,907.9,9.693,482.0,2021,9,29,True,False,False,False,True,False,False
2021-09-30,14.223,230.0,24.1,19.0,73.6,6.4,908.7,12.694,483.0,2021,9,30,True,False,False,False,True,False,False
2021-09-30,22.314,276.0,24.1,19.0,73.6,6.4,908.7,18.097,600.0,2021,9,30,False,False,False,False,True,False,False
2021-10-01,11.251,279.0,24.4,20.4,79.9,8.6,907.9,22.411,570.0,2021,10,1,False,False,False,False,True,False,False
2021-10-01,11.114,230.0,24.4,20.4,79.9,8.6,907.9,11.43,471.0,2021,10,1,True,False,False,False,True,False,False
2021-10-02,9.669,288.0,23.8,20.4,82.3,7.8,907.7,19.442,589.0,2021,10,2,False,False,False,False,True,False,False
2021-10-02,11.269,230.0,23.8,20.4,82.3,7.8,907.7,9.454,470.0,2021,10,2,True,False,False,False,True,False,False
2021-10-03,12.363,279.0,23.7,20.3,82.6,6.7,907.6,11.317,635.0,2021,10,3,False,False,False,False,True,False,False
2021-10-03,9.846,238.0,23.7,20.3,82.6,6.7,907.6,6.643,473.0,2021,10,3,True,False,False,False,True,False,False
2021-10-04,11.12,283.0,24.9,20.0,76.2,7.5,906.9,21.608,625.0,2021,10,4,False,False,False,False,True,False,False
2021-10-04,7.908,236.0,24.9,20.0,76.2,7.5,906.9,7.832,475.0,2021,10,4,True,False,False,False,True,False,False
2021-10-05,18.896,292.0,23.1,19.3,80.3,8.6,906.7,31.68,612.0,2021,10,5,False,False,False,False,True,False,False
2021-10-05,9.634,237.0,23.1,19.3,80.3,8.6,906.7,9.565,476.0,2021,10,5,True,False,False,False,True,False,False
2021-10-06,19.813,292.0,23.1,21.2,89.2,8.2,905.6,28.96,593.0,2021,10,6,False,False,False,False,True,False,False
2021-10-06,10.383,239.0,23.1,21.2,89.2,8.2,905.6,8.862,499.0,2021,10,6,True,False,False,False,True,False,False
2021-10-07,9.591,243.0,24.6,20.5,75.2,7.0,906.3,7.417,471.0,2021,10,7,True,False,False,False,True,False,False
2021-10-07,20.534,290.0,24.6,20.5,75.2,7.0,906.3,24.392,583.0,2021,10,7,False,False,False,False,True,False,False
2021-10-08,10.373,244.0,22.5,20.8,90.5,8.2,907.5,13.101,430.0,2021,10,8,True,False,False,False,True,False,False
2021-10-08,17.229,297.0,22.5,20.8,90.5,8.2,907.5,17.166,612.0,2021,10,8,False,False,False,False,True,False,False
2021-10-09,10.796,238.0,21.8,20.8,93.6,8.8,908.7,16.33,415.0,2021,10,9,True,False,False,False,True,False,False
2021-10-09,20.912,282.0,21.8,20.8,93.6,8.8,908.7,25.104,570.0,2021,10,9,False,False,False,False,True,False,False
2021-10-10,11.861,241.0,23.5,20.0,81.6,10.3,907.8,13.535,422.0,2021,10,10,True,False,False,False,True,False,False
2021-10-10,19.67,294.0,23.5,20.0,81.6,10.3,907.8,25.868,578.0,2021,10,10,False,False,False,False,True,False,False
2021-10-12,10.543,240.0,22.6,20.0,86.0,10.0,906.5,12.384,395.0,2021,10,12,True,False,False,False,True,False,False
2021-10-12,12.519,298.0,22.6,20.0,86.0,10.0,906.5,25.617,578.0,2021,10,12,False,False,False,False,True,False,False
2021-10-13,9.078,237.0,22.4,20.2,87.6,9.2,906.2,11.914,392.0,2021,10,13,True,False,False,False,True,False,False
2021-10-13,9.526,303.0,22.4,20.2,87.6,9.2,906.2,20.438,536.0,2021,10,13,False,False,False,False,True,False,False
2021-10-14,14.896,298.0,23.7,20.5,83.0,5.2,905.1,19.18,515.0,2021,10,14,False,False,False,False,True,False,False
2021-10-14,6.102,244.0,23.7,20.5,83.0,5.2,905.1,5.741,372.0,2021,10,14,True,False,False,False,True,False,False
2021-10-16,10.027,236.0,23.8,20.4,83.1,5.7,903.3,6.997,398.0,2021,10,16,True,False,False,False,True,False,False
2021-10-16,19.177,288.0,23.8,20.4,83.1,5.7,903.3,25.88,565.0,2021,10,16,False,False,False,False,True,False,False
2021-10-17,18.119,293.0,22.9,20.7,87.9,9.7,905.5,21.612,532.0,2021,10,17,False,False,False,False,True,False,False
2021-10-17,10.727,239.0,22.9,20.7,87.9,9.7,905.5,9.598,402.0,2021,10,17,True,False,False,False,True,False,False
2021-10-18,18.259,293.0,23.5,20.2,83.2,12.7,908.1,28.6,596.0,2021,10,18,False,False,False,False,True,False,False
2021-10-18,10.901,243.0,23.5,20.2,83.2,12.7,908.1,9.848,386.0,2021,10,18,True,False,False,False,True,False,False
2021-10-19,6.746,257.0,24.1,19.3,74.8,7.3,910.0,5.64,395.0,2021,10,19,True,False,False,False,True,False,False
2021-10-19,23.322,290.0,24.1,19.3,74.8,7.3,910.0,17.989,622.0,2021,10,19,False,False,False,False,True,False,False
2021-10-20,6.681,259.0,23.6,19.8,80.6,5.3,911.2,6.858,402.0,2021,10,20,True,False,False,False,True,False,False
2021-10-20,20.987,255.0,23.6,19.8,80.6,5.3,911.2,24.795,575.0,2021,10,20,False,False,False,False,True,False,False
2021-10-22,14.497,299.0,23.7,19.9,80.8,6.7,911.6,28.806,611.0,2021,10,22,False,False,False,False,True,False,False
2021-10-22,7.871,249.0,23.7,19.9,80.8,6.7,911.6,8.415,432.0,2021,10,22,True,False,False,False,True,False,False
2021-10-23,7.559,243.0,23.1,20.0,84.5,7.4,911.8,8.242,420.0,2021,10,23,True,False,False,False,True,False,False
2021-10-23,17.601,277.0,23.1,20.0,84.5,7.4,911.8,24.214,596.0,2021,10,23,False,False,False,False,True,False,False
2021-10-24,5.651,226.0,23.2,18.8,78.4,6.5,911.6,8.233,465.0,2021,10,24,True,False,False,False,True,False,False
2021-10-24,13.124,280.0,23.2,18.8,78.4,6.5,911.6,21.341,577.0,2021,10,24,False,False,False,False,True,False,False
2021-10-25,6.753,298.0,23.2,18.4,76.0,7.2,910.0,32.267,563.0,2021,10,25,False,False,False,False,True,False,False
2021-10-25,4.112,240.0,23.2,18.4,76.0,7.2,910.0,9.353,458.0,2021,10,25,True,False,False,False,True,False,False
2021-10-26,6.683,306.0,22.9,17.8,74.1,6.7,909.8,24.896,550.0,2021,10,26,False,False,False,False,True,False,False
2021-10-26,5.32,244.0,22.9,17.8,74.1,6.7,909.8,11.238,432.0,2021,10,26,True,False,False,False,True,False,False
2021-10-27,9.098,244.0,21.9,17.3,76.5,7.3,909.7,11.621,463.0,2021,10,27,True,False,False,False,True,False,False
2021-10-27,13.014,298.0,21.9,17.3,76.5,7.3,909.7,25.677,596.0,2021,10,27,False,False,False,False,True,False,False
2021-10-28,19.821,297.0,22.2,16.6,71.8,7.0,910.1,26.901,560.0,2021,10,28,False,False,False,False,True,False,False
2021-10-28,6.692,255.0,22.2,16.6,71.8,7.0,910.1,8.861,486.0,2021,10,28,True,False,False,False,True,False,False
2021-10-29,7.418,255.0,22.1,20.0,88.8,7.5,910.8,6.522,490.0,2021,10,29,True,False,False,False,True,False,False
2021-10-29,22.453,284.0,22.1,20.0,88.8,7.5,910.8,20.314,571.0,2021,10,29,False,False,False,False,True,False,False
2021-10-30,12.997,297.0,23.0,20.0,84.5,10.2,911.3,20.803,570.0,2021,10,30,False,False,False,False,True,False,False
2021-10-30,5.603,265.0,23.0,20.0,84.5,10.2,911.3,5.594,483.0,2021,10,30,True,False,False,False,True,False,False
2021-10-31,24.118,292.0,23.1,19.8,82.5,10.1,911.2,16.636,566.0,2021,10,31,False,False,False,False,True,False,False
2021-10-31,7.06,271.0,23.1,19.8,82.5,10.1,911.2,7.277,500.0,2021,10,31,True,False,False,False,True,False,False
2021-11-01,6.164,274.0,22.0,20.1,89.8,10.3,910.0,6.475,493.0,2021,11,1,True,False,False,True,False,False,False
2021-11-01,18.485,302.0,22.0,20.1,89.8,10.3,910.0,19.71,591.0,2021,11,1,False,False,False,True,False,False,False
2021-11-02,6.068,279.0,21.6,19.5,88.7,11.2,909.9,6.212,496.0,2021,11,2,True,False,False,True,False,False,False
2021-11-02,20.267,298.0,21.6,19.5,88.7,11.2,909.9,16.373,610.0,2021,11,2,False,False,False,True,False,False,False
2021-11-03,8.11,285.0,22.1,19.5,86.3,9.4,909.9,3.963,510.0,2021,11,3,True,False,False,True,False,False,False
2021-11-03,15.997,315.0,22.1,19.5,86.3,9.4,909.9,10.434,629.0,2021,11,3,False,False,False,True,False,False,False
2021-11-04,8.404,395.0,22.7,19.8,85.1,7.7,909.6,15.501,677.0,2021,11,4,False,False,False,True,False,False,False
2021-11-04,9.568,293.0,22.7,19.8,85.1,7.7,909.6,6.803,520.0,2021,11,4,True,False,False,True,False,False,False
2021-11-05,8.292,291.0,21.7,20.2,91.8,5.9,909.3,6.833,500.0,2021,11,5,True,False,False,True,False,False,False
2021-11-05,14.078,351.0,21.7,20.2,91.8,5.9,909.3,19.46,659.0,2021,11,5,False,False,False,True,False,False,False
2021-11-06,7.202,290.0,22.5,18.8,81.6,7.5,908.4,8.532,495.0,2021,11,6,True,False,False,True,False,False,False
2021-11-06,18.523,337.0,22.5,18.8,81.6,7.5,908.4,15.561,677.0,2021,11,6,False,False,False,True,False,False,False
2021-11-07,14.416,345.0,20.7,19.4,92.4,7.0,908.9,20.214,693.0,2021,11,7,False,False,False,True,False,False,False
2021-11-07,8.043,290.0,20.7,19.4,92.4,7.0,908.9,7.389,500.0,2021,11,7,True,False,False,True,False,False,False
2021-11-08,10.32,284.0,20.1,18.7,92.3,6.0,909.7,5.695,495.0,2021,11,8,True,False,False,True,False,False,False
2021-11-08,18.694,337.0,20.1,18.7,92.3,6.0,909.7,25.176,655.0,2021,11,8,False,False,False,True,False,False,False
2021-11-09,18.974,331.0,21.0,16.0,75.0,8.9,909.7,24.322,662.0,2021,11,9,False,False,False,True,False,False,False
2021-11-09,10.696,276.0,21.0,16.0,75.0,8.9,909.7,4.858,520.0,2021,11,9,True,False,False,True,False,False,False
2021-11-10,25.478,341.0,18.8,15.7,75.9,6.3,908.5,20.669,710.0,2021,11,10,False,False,False,True,False,False,False
2021-11-10,11.48,269.0,18.8,15.7,75.9,6.3,908.5,5.184,528.0,2021,11,10,True,False,False,True,False,False,False
2021-11-11,19.799,325.0,18.0,17.3,95.7,13.5,905.6,21.269,689.0,2021,11,11,False,False,False,True,False,False,False
2021-11-11,8.125,279.0,18.0,17.3,95.7,13.5,905.6,4.784,529.0,2021,11,11,True,False,False,True,False,False,False
2021-11-12,15.549,331.0,20.3,20.1,98.8,4.4,906.1,22.785,654.0,2021,11,12,False,False,False,True,False,False,False
2021-11-12,7.459,280.0,20.3,20.1,98.8,4.4,906.1,4.83,531.0,2021,11,12,True,False,False,True,False,False,False
2021-11-13,6.825,281.0,21.7,20.4,92.4,6.4,907.3,5.774,525.0,2021,11,13,True,False,False,True,False,False,False
2021-11-13,11.019,328.0,21.7,20.4,92.4,6.4,907.3,21.16,688.0,2021,11,13,False,False,False,True,False,False,False
2021-11-14,14.71,332.0,22.2,20.6,91.0,5.1,907.4,12.71,700.0,2021,11,14,False,False,False,True,False,False,False
2021-11-14,7.529,283.0,22.2,20.6,91.0,5.1,907.4,5.849,533.0,2021,11,14,True,False,False,True,False,False,False
2021-11-15,11.64,335.0,22.3,20.7,91.3,4.0,906.3,14.152,725.0,2021,11,15,False,False,False,True,False,False,False
2021-11-15,7.805,288.0,22.3,20.7,91.3,4.0,906.3,6.625,535.0,2021,11,15,True,False,False,True,False,False,False
2021-11-17,16.228,345.0,22.6,20.4,88.2,6.2,908.8,18.731,740.0,2021,11,17,False,False,False,True,False,False,False
2021-11-17,8.566,284.0,22.6,20.4,88.2,6.2,908.8,5.266,530.0,2021,11,17,True,False,False,True,False,False,False
2021-11-18,12.624,277.0,20.3,20.0,98.4,6.1,906.3,5.085,515.0,2021,11,18,True,False,False,True,False,False,False
2021-11-18,12.708,348.0,20.3,20.0,98.4,6.1,906.3,19.167,732.0,2021,11,18,False,False,False,True,False,False,False
2021-11-19,11.272,267.0,21.1,21.0,99.4,5.7,903.5,5.909,546.0,2021,11,19,True,False,False,True,False,False,False
2021-11-19,12.59,350.0,21.1,21.0,99.4,5.7,903.5,12.953,686.0,2021,11,19,False,False,False,True,False,False,False
2021-11-20,13.2,247.0,21.7,20.4,92.3,11.0,906.1,5.54,540.0,2021,11,20,True,False,False,True,False,False,False
2021-11-20,18.074,345.0,21.7,20.4,92.3,11.0,906.1,21.292,696.0,2021,11,20,False,False,False,True,False,False,False
2021-11-21,21.218,243.0,22.8,19.7,84.4,5.4,909.0,6.696,511.0,2021,11,21,True,False,False,True,False,False,False
2021-11-21,25.854,343.0,22.8,19.7,84.4,5.4,909.0,16.365,666.0,2021,11,21,False,False,False,True,False,False,False
2021-11-22,12.856,263.0,22.6,19.9,86.3,8.2,909.9,8.548,493.0,2021,11,22,True,False,False,True,False,False,False
2021-11-22,19.076,316.0,22.6,19.9,86.3,8.2,909.9,26.156,660.0,2021,11,22,False,False,False,True,False,False,False
2021-11-23,25.325,338.0,23.6,20.0,82.2,7.2,909.5,35.674,650.0,2021,11,23,False,False,False,True,False,False,False
2021-11-23,8.372,283.0,23.6,20.0,82.2,7.2,909.5,6.324,495.0,2021,11,23,True,False,False,True,False,False,False
2021-11-24,8.162,294.0,22.1,19.8,88.1,8.5,909.8,6.719,499.0,2021,11,24,True,False,False,True,False,False,False
2021-11-24,22.857,324.0,22.1,19.8,88.1,8.5,909.8,18.267,676.0,2021,11,24,False,False,False,True,False,False,False
2021-11-25,17.946,339.0,22.2,18.7,82.3,10.6,910.0,19.87,678.0,2021,11,25,False,False,False,True,False,False,False
2021-11-25,5.611,301.0,22.2,18.7,82.3,10.6,910.0,6.347,518.0,2021,11,25,True,False,False,True,False,False,False
2021-11-26,18.957,343.0,21.7,18.0,81.2,10.7,910.4,17.023,688.0,2021,11,26,False,False,False,True,False,False,False
2021-11-26,7.307,303.0,21.7,18.0,81.2,10.7,910.4,6.328,550.0,2021,11,26,True,False,False,True,False,False,False
2021-11-27,17.092,349.0,20.4,18.6,90.2,11.9,910.3,15.817,736.0,2021,11,27,False,False,False,True,False,False,False
2021-11-27,6.469,305.0,20.4,18.6,90.2,11.9,910.3,5.157,555.0,2021,11,27,True,False,False,True,False,False,False
2021-11-28,10.843,360.0,20.0,19.8,99.0,10.2,910.6,20.879,666.0,2021,11,28,False,False,False,True,False,False,False
2021-11-28,7.429,308.0,20.0,19.8,99.0,10.2,910.6,4.632,525.0,2021,11,28,True,False,False,True,False,False,False
2021-11-29,9.742,308.0,20.7,19.7,94.5,11.2,911.0,5.569,526.0,2021,11,29,True,False,False,True,False,False,False
2021-11-29,15.417,358.0,20.7,19.7,94.5,11.2,911.0,12.955,658.0,2021,11,29,False,False,False,True,False,False,False
2021-11-30,16.548,370.0,22.3,19.1,83.7,13.3,911.1,10.655,661.0,2021,11,30,False,False,False,True,False,False,False
2021-11-30,10.055,291.0,22.3,19.1,83.7,13.3,911.1,4.233,557.0,2021,11,30,True,False,False,True,False,False,False
2021-12-01,18.137,371.0,20.9,19.3,90.8,8.8,910.5,10.815,682.0,2021,12,1,False,False,False,True,False,False,False
2021-12-01,11.644,291.0,20.9,19.3,90.8,8.8,910.5,7.079,552.0,2021,12,1,True,False,False,True,False,False,False
2021-12-02,10.32,302.0,21.8,19.8,88.8,6.8,910.3,4.876,561.0,2021,12,2,True,False,False,True,False,False,False
2021-12-02,11.824,386.0,21.8,19.8,88.8,6.8,910.3,15.869,702.0,2021,12,2,False,False,False,True,False,False,False
2021-12-03,15.043,387.0,22.6,19.6,84.3,4.9,910.5,15.914,755.0,2021,12,3,False,False,False,True,False,False,False
2021-12-03,8.005,307.0,22.6,19.6,84.3,4.9,910.5,5.22,568.0,2021,12,3,True,False,False,True,False,False,False
2021-12-04,16.758,383.0,23.1,18.9,79.1,4.3,911.0,14.524,752.0,2021,12,4,False,False,False,True,False,False,False
2021-12-04,6.918,305.0,23.1,18.9,79.1,4.3,911.0,5.725,571.0,2021,12,4,True,False,False,True,False,False,False
2021-12-05,6.035,386.0,21.9,19.2,85.3,3.4,910.8,9.775,765.0,2021,12,5,False,False,False,True,False,False,False
2021-12-05,4.835,313.0,21.9,19.2,85.3,3.4,910.8,5.265,581.0,2021,12,5,True,False,False,True,False,False,False
2021-12-06,9.478,397.0,22.8,18.4,78.1,4.9,910.9,15.082,768.0,2021,12,6,False,False,False,True,False,False,False
2021-12-06,5.468,318.0,22.8,18.4,78.1,4.9,910.9,5.406,577.0,2021,12,6,True,False,False,True,False,False,False
2021-12-07,8.507,310.0,21.9,17.0,76.5,6.8,911.1,3.649,645.0,2021,12,7,True,False,False,True,False,False,False
2021-12-07,17.835,397.0,21.9,17.0,76.5,6.8,911.1,22.402,762.0,2021,12,7,False,False,False,True,False,False,False
2021-12-08,17.967,396.0,21.9,17.6,79.7,8.3,911.4,21.968,783.0,2021,12,8,False,False,False,True,False,False,False
2021-12-08,9.783,299.0,21.9,17.6,79.7,8.3,911.4,3.441,665.0,2021,12,8,True,False,False,True,False,False,False
2021-12-09,14.971,373.0,22.0,19.6,87.6,9.7,912.6,28.38,840.0,2021,12,9,False,False,False,True,False,False,False
2021-12-09,8.996,283.0,22.0,19.6,87.6,9.7,912.6,3.671,653.0,2021,12,9,True,False,False,True,False,False,False
2021-12-10,10.37,263.0,21.8,17.1,77.5,10.8,912.8,5.213,589.0,2021,12,10,True,False,False,True,False,False,False
2021-12-10,21.877,371.0,21.8,17.1,77.5,10.8,912.8,18.855,786.0,2021,12,10,False,False,False,True,False,False,False
2021-12-11,22.096,380.0,21.1,18.8,87.9,10.9,912.8,23.189,801.0,2021,12,11,False,False,False,True,False,False,False
2021-12-11,8.178,271.0,21.1,18.8,87.9,10.9,912.8,3.923,619.0,2021,12,11,True,False,False,True,False,False,False
2021-12-12,22.465,371.0,21.3,17.9,82.5,10.0,912.7,16.416,806.0,2021,12,12,False,False,False,True,False,False,False
2021-12-12,7.465,296.0,21.3,17.9,82.5,10.0,912.7,3.17,636.0,2021,12,12,True,False,False,True,False,False,False
2021-12-13,18.791,362.0,20.1,19.0,93.5,8.2,912.1,23.343,820.0,2021,12,13,False,False,False,True,False,False,False
2021-12-13,6.839,278.0,20.1,19.0,93.5,8.2,912.1,2.666,645.0,2021,12,13,True,False,False,True,False,False,False
2021-12-14,19.943,361.0,20.4,18.6,90.5,10.2,911.6,15.393,814.0,2021,12,14,False,False,False,True,False,False,False
2021-12-14,6.197,312.0,20.4,18.6,90.5,10.2,911.6,4.003,708.0,2021,12,14,True,False,False,True,False,False,False
2021-12-15,13.569,396.0,19.9,17.7,88.0,8.1,912.0,11.499,862.0,2021,12,15,False,False,False,True,False,False,False
2021-12-15,5.558,323.0,19.9,17.7,88.0,8.1,912.0,3.598,667.0,2021,12,15,True,False,False,True,False,False,False
2021-12-16,17.929,349.0,20.2,15.9,79.2,9.0,912.7,11.261,866.0,2021,12,16,False,False,False,True,False,False,False
2021-12-16,6.613,332.0,20.2,15.9,79.2,9.0,912.7,3.867,680.0,2021,12,16,True,False,False,True,False,False,False
2021-12-17,17.396,397.0,20.2,14.8,75.1,7.1,912.8,12.802,900.0,2021,12,17,False,False,False,True,False,False,False
2021-12-17,6.097,337.0,20.2,14.8,75.1,7.1,912.8,3.966,689.0,2021,12,17,True,False,False,True,False,False,False
2021-12-18,6.362,349.0,19.6,15.5,79.6,7.4,912.3,3.434,721.0,2021,12,18,True,False,False,True,False,False,False
2021-12-18,12.45,436.0,19.6,15.5,79.6,7.4,912.3,13.096,950.0,2021,12,18,False,False,False,True,False,False,False
2021-12-19,10.858,345.0,18.7,11.7,67.6,8.5,913.2,2.958,722.0,2021,12,19,True,False,False,True,False,False,False
2021-12-19,21.777,429.0,18.7,11.7,67.6,8.5,913.2,15.214,950.0,2021,12,19,False,False,False,True,False,False,False
2021-12-20,10.858,345.0,18.5,13.2,75.4,7.5,913.0,2.958,722.0,2021,12,20,True,False,False,True,False,False,False
2021-12-20,21.777,429.0,18.5,13.2,75.4,7.5,913.0,15.214,950.0,2021,12,20,False,False,False,True,False,False,False
2021-12-21,10.264,345.0,18.9,12.5,71.3,3.9,913.0,4.71,718.0,2021,12,21,True,False,False,True,False,False,False
2021-12-21,29.381,418.0,18.9,12.5,71.3,3.9,913.0,21.174,841.0,2021,12,21,False,False,False,True,False,False,False
2021-12-22,7.5,355.0,19.8,12.7,69.2,4.3,911.5,3.831,720.0,2021,12,22,True,False,False,True,False,False,False
2021-12-22,15.897,442.0,19.8,12.7,69.2,4.3,911.5,21.81,862.0,2021,12,22,False,False,False,True,False,False,False
2021-12-23,22.887,438.0,19.6,12.8,68.0,3.9,911.4,14.335,870.0,2021,12,23,False,False,False,True,False,False,False
2021-12-23,7.445,360.0,19.6,12.8,68.0,3.9,911.4,4.071,730.0,2021,12,23,True,False,False,True,False,False,False
2021-12-24,9.043,357.0,20.4,10.0,58.2,5.1,911.5,4.081,725.0,2021,12,24,True,False,False,True,False,False,False
2021-12-24,24.724,421.0,20.4,10.0,58.2,5.1,911.5,12.623,865.0,2021,12,24,False,False,False,True,False,False,False
2021-12-25,23.017,438.0,20.9,11.3,61.5,5.2,912.0,13.525,828.0,2021,12,25,False,False,False,True,False,False,False
2021-12-25,6.268,359.0,20.9,11.3,61.5,5.2,912.0,3.943,702.0,2021,12,25,True,False,False,True,False,False,False
2021-12-26,7.316,355.0,20.2,13.4,72.5,6.8,913.1,4.25,698.0,2021,12,26,True,False,False,True,False,False,False
2021-12-26,19.911,410.0,20.2,13.4,72.5,6.8,913.1,12.174,821.0,2021,12,26,False,False,False,True,False,False,False
2021-12-27,4.298,357.0,20.4,14.2,72.7,9.8,913.1,4.144,688.0,2021,12,27,True,False,False,True,False,False,False
2021-12-27,9.106,432.0,20.4,14.2,72.7,9.8,913.1,15.834,820.0,2021,12,27,False,False,False,True,False,False,False
2021-12-28,6.258,358.0,20.0,14.8,73.2,10.8,912.4,5.113,657.0,2021,12,28,True,False,False,True,False,False,False
2021-12-28,30.172,389.0,20.0,14.8,73.2,10.8,912.4,15.974,782.0,2021,12,28,False,False,False,True,False,False,False
2021-12-29,17.025,422.0,19.8,15.6,79.9,9.1,912.2,25.534,811.0,2021,12,29,False,False,False,True,False,False,False
2021-12-29,5.501,354.0,19.8,15.6,79.9,9.1,912.2,5.42,625.0,2021,12,29,True,False,False,True,False,False,False
2021-12-30,6.225,349.0,20.4,16.5,80.6,13.3,913.3,5.446,610.0,2021,12,30,True,False,False,True,False,False,False
2021-12-30,15.897,404.0,20.4,16.5,80.6,13.3,913.3,21.383,815.0,2021,12,30,False,False,False,True,False,False,False
2021-12-31,4.299,358.0,20.7,18.3,87.4,15.4,914.1,4.108,657.0,2021,12,31,True,False,False,True,False,False,False
2021-12-31,13.849,413.0,20.7,18.3,87.4,15.4,914.1,19.68,803.0,2021,12,31,False,False,False,True,False,False,False
2022-01-01,4.121,356.0,20.9,18.0,85.1,13.0,914.2,3.417,620.0,2022,1,1,True,False,True,False,False,False,False
2022-01-01,14.677,421.0,20.9,18.0,85.1,13.0,914.2,21.1,788.0,2022,1,1,False,False,True,False,False,False,False
2022-01-02,5.555,351.0,20.8,16.5,79.3,13.0,912.9,3.889,675.0,2022,1,2,True,False,True,False,False,False,False
2022-01-02,19.476,423.0,20.8,16.5,79.3,13.0,912.9,12.93,786.0,2022,1,2,False,False,True,False,False,False,False
2022-01-03,20.624,695.0,20.3,15.4,77.1,7.6,912.7,21.659,836.0,2022,1,3,False,False,True,False,False,False,False
2022-01-03,5.698,578.0,20.3,15.4,77.1,7.6,912.7,5.206,666.0,2022,1,3,True,False,True,False,False,False,False
2022-01-04,17.117,674.0,20.0,14.1,72.8,9.5,912.7,32.422,797.0,2022,1,4,False,False,True,False,False,False,False
2022-01-04,6.589,562.0,20.0,14.1,72.8,9.5,912.7,4.775,680.0,2022,1,4,True,False,True,False,False,False,False
2022-01-05,7.767,526.0,20.2,14.5,73.2,6.6,912.5,2.727,672.0,2022,1,5,True,False,True,False,False,False,False
2022-01-05,13.93,665.0,20.2,14.5,73.2,6.6,912.5,21.917,788.0,2022,1,5,False,False,True,False,False,False,False
2022-01-06,11.508,684.0,20.9,16.2,78.8,8.8,911.5,26.543,800.0,2022,1,6,False,False,True,False,False,False,False
2022-01-06,4.819,559.0,20.9,16.2,78.8,8.8,911.5,3.39,700.0,2022,1,6,True,False,True,False,False,False,False
2022-01-07,3.759,328.0,21.3,16.4,77.0,11.1,912.0,6.089,609.0,2022,1,7,True,False,True,False,False,False,False
2022-01-07,18.167,402.0,21.3,16.4,77.0,11.1,912.0,16.368,818.0,2022,1,7,False,False,True,False,False,False,False
2022-01-08,12.444,398.0,21.4,17.2,79.6,9.5,912.1,16.628,765.0,2022,1,8,False,False,True,False,False,False,False
2022-01-08,4.557,316.0,21.4,17.2,79.6,9.5,912.1,5.39,581.0,2022,1,8,True,False,True,False,False,False,False
2022-01-09,5.284,495.0,21.4,16.4,76.9,7.3,911.1,5.721,692.0,2022,1,9,True,False,True,False,False,False,False
2022-01-09,10.005,601.0,21.4,16.4,76.9,7.3,911.1,17.512,795.0,2022,1,9,False,False,True,False,False,False,False
2022-01-10,5.297,479.0,21.7,16.4,75.5,9.5,911.1,7.06,677.0,2022,1,10,True,False,True,False,False,False,False
2022-01-10,20.734,576.0,21.7,16.4,75.5,9.5,911.1,19.055,822.0,2022,1,10,False,False,True,False,False,False,False
2022-01-11,20.356,317.0,22.2,16.5,74.3,9.3,910.6,21.549,725.0,2022,1,11,False,False,True,False,False,False,False
2022-01-11,4.732,317.0,22.2,16.5,74.3,9.3,910.6,3.995,540.0,2022,1,11,True,False,True,False,False,False,False
2022-01-12,5.045,310.0,22.6,17.1,75.1,10.8,910.4,5.199,516.0,2022,1,12,True,False,True,False,False,False,False
2022-01-12,19.445,391.0,22.6,17.1,75.1,10.8,910.4,16.634,683.0,2022,1,12,False,False,True,False,False,False,False
2022-01-13,27.555,389.0,23.1,14.3,60.8,11.0,910.2,15.133,650.0,2022,1,13,False,False,True,False,False,False,False
2022-01-13,8.679,299.0,23.1,14.3,60.8,11.0,910.2,4.703,513.0,2022,1,13,True,False,True,False,False,False,False
2022-01-14,7.467,295.0,23.1,13.6,57.3,6.4,909.8,3.97,552.0,2022,1,14,True,False,True,False,False,False,False
2022-01-14,18.406,395.0,23.1,13.6,57.3,6.4,909.8,15.858,777.0,2022,1,14,False,False,True,False,False,False,False
2022-01-15,4.175,316.0,22.1,14.7,67.8,7.0,910.9,3.788,569.0,2022,1,15,True,False,True,False,False,False,False
2022-01-15,18.629,378.0,22.1,14.7,67.8,7.0,910.9,11.809,712.0,2022,1,15,False,False,True,False,False,False,False
2022-01-17,4.298,336.0,20.6,15.6,76.6,10.2,913.7,6.336,630.0,2022,1,17,True,False,True,False,False,False,False
2022-01-17,21.671,372.0,20.6,15.6,76.6,10.2,913.7,23.071,805.0,2022,1,17,False,False,True,False,False,False,False
2022-01-18,4.034,346.0,20.7,15.0,73.2,9.0,912.5,5.352,638.0,2022,1,18,True,False,True,False,False,False,False
2022-01-18,21.942,377.0,20.7,15.0,73.2,9.0,912.5,19.537,833.0,2022,1,18,False,False,True,False,False,False,False
2022-01-19,24.752,382.0,20.1,13.0,68.7,6.3,911.2,17.758,888.0,2022,1,19,False,False,True,False,False,False,False
2022-01-19,4.36,351.0,20.1,13.0,68.7,6.3,911.2,4.126,670.0,2022,1,19,True,False,True,False,False,False,False
2022-01-20,5.417,356.0,21.3,11.2,57.8,5.0,909.9,2.773,700.0,2022,1,20,True,False,True,False,False,False,False
2022-01-20,19.312,414.0,21.3,11.2,57.8,5.0,909.9,20.429,840.0,2022,1,20,False,False,True,False,False,False,False
2022-01-21,20.381,414.0,23.0,9.4,49.4,7.6,910.0,19.59,855.0,2022,1,21,False,False,True,False,False,False,False
2022-01-21,6.426,352.0,23.0,9.4,49.4,7.6,910.0,4.231,705.0,2022,1,21,True,False,True,False,False,False,False
2022-01-22,12.571,430.0,22.7,10.0,50.2,7.0,908.7,14.344,813.0,2022,1,22,False,False,True,False,False,False,False
2022-01-22,5.408,356.0,22.7,10.0,50.2,7.0,908.7,4.995,660.0,2022,1,22,True,False,True,False,False,False,False
2022-01-23,5.234,357.0,22.1,9.0,49.3,7.3,908.6,4.774,642.0,2022,1,23,True,False,True,False,False,False,False
2022-01-23,17.374,432.0,22.1,9.0,49.3,7.3,908.6,17.573,815.0,2022,1,23,False,False,True,False,False,False,False
2022-01-24,16.115,435.0,21.5,10.9,56.6,6.3,908.3,26.966,835.0,2022,1,24,False,False,True,False,False,False,False
2022-01-24,5.369,359.0,21.5,10.9,56.6,6.3,908.3,5.168,670.0,2022,1,24,True,False,True,False,False,False,False
2022-01-25,9.044,354.0,22.2,14.3,64.6,7.5,908.4,5.214,686.0,2022,1,25,True,False,True,False,False,False,False
2022-01-25,26.725,435.0,22.2,14.3,64.6,7.5,908.4,21.807,865.0,2022,1,25,False,False,True,False,False,False,False
2022-01-27,12.102,342.0,21.3,17.6,81.3,12.5,909.6,6.9,670.0,2022,1,27,True,False,True,False,False,False,False
2022-01-27,32.112,434.0,21.3,17.6,81.3,12.5,909.6,20.7,908.0,2022,1,27,False,False,True,False,False,False,False
2022-01-28,19.649,429.0,20.3,16.1,79.5,11.7,911.1,14.904,920.0,2022,1,28,False,False,True,False,False,False,False
2022-01-28,6.911,355.0,20.3,16.1,79.5,11.7,911.1,4.522,734.0,2022,1,28,True,False,True,False,False,False,False
2022-01-29,19.649,429.0,21.2,15.5,73.2,9.8,911.9,16.071,950.0,2022,1,29,False,False,True,False,False,False,False
2022-01-29,6.911,355.0,21.2,15.5,73.2,9.8,911.9,3.614,758.0,2022,1,29,True,False,True,False,False,False,False
2022-01-30,15.088,440.0,23.1,17.4,73.4,7.3,910.8,13.116,943.0,2022,1,30,False,False,True,False,False,False,False
2022-01-30,5.39,368.0,23.1,17.4,73.4,7.3,910.8,3.214,770.0,2022,1,30,True,False,True,False,False,False,False
2022-01-31,17.285,435.0,25.1,16.5,62.2,7.1,910.2,14.087,950.0,2022,1,31,False,False,True,False,False,False,False
2022-01-31,5.436,365.0,25.1,16.5,62.2,7.1,910.2,3.469,781.0,2022,1,31,True,False,True,False,False,False,False
2022-02-01,5.425,368.0,23.3,14.6,63.6,6.4,909.8,4.044,786.0,2022,2,1,True,False,True,False,False,False,False
2022-02-01,14.272,445.0,23.3,14.6,63.6,6.4,909.8,15.658,998.0,2022,2,1,False,False,True,False,False,False,False
2022-02-02,10.292,451.0,22.8,15.0,67.2,6.4,910.3,14.647,1043.0,2022,2,2,False,False,True,False,False,False,False
2022-02-02,5.328,371.0,22.8,15.0,67.2,6.4,910.3,1.742,801.0,2022,2,2,True,False,True,False,False,False,False
2022-02-03,12.757,449.0,22.7,16.0,68.8,10.5,909.6,19.39,911.0,2022,2,3,False,False,True,False,False,False,False
2022-02-03,4.64,370.0,22.7,16.0,68.8,10.5,909.6,2.972,740.0,2022,2,3,True,False,True,False,False,False,False
2022-02-04,5.294,375.0,22.6,10.6,53.6,8.6,908.8,7.235,650.0,2022,2,4,True,False,True,False,False,False,False
2022-02-04,7.77,459.0,22.6,10.6,53.6,8.6,908.8,25.507,879.0,2022,2,4,False,False,True,False,False,False,False
2022-02-05,17.266,447.0,22.7,14.8,67.9,6.7,909.5,22.395,890.0,2022,2,5,False,False,True,False,False,False,False
2022-02-05,5.377,371.0,22.7,14.8,67.9,6.7,909.5,6.576,633.0,2022,2,5,True,False,True,False,False,False,False
2022-02-06,15.465,456.0,22.6,16.4,72.2,9.7,911.8,10.105,902.0,2022,2,6,False,False,True,False,False,False,False
2022-02-06,5.381,376.0,22.6,16.4,72.2,9.7,911.8,6.573,675.0,2022,2,6,True,False,True,False,False,False,False
2022-02-07,18.897,454.0,22.4,15.6,70.3,7.3,911.8,18.879,845.0,2022,2,7,False,False,True,False,False,False,False
2022-02-07,3.531,377.0,22.4,15.6,70.3,7.3,911.8,4.311,785.0,2022,2,7,True,False,True,False,False,False,False
2022-02-08,22.402,451.0,22.0,14.6,67.3,7.7,910.9,15.759,895.0,2022,2,8,False,False,True,False,False,False,False
2022-02-08,3.112,379.0,22.0,14.6,67.3,7.7,910.9,3.14,715.0,2022,2,8,True,False,True,False,False,False,False
2022-02-09,3.0,384.0,21.4,14.6,69.6,11.7,910.7,1.733,760.0,2022,2,9,True,False,True,False,False,False,False
2022-02-09,18.252,447.0,21.4,14.6,69.6,11.7,910.7,29.223,906.0,2022,2,9,False,False,True,False,False,False,False
2022-02-10,15.648,452.0,21.3,9.3,53.0,9.0,910.5,21.274,895.0,2022,2,10,False,False,True,False,False,False,False
2022-02-10,4.618,389.0,21.3,9.3,53.0,9.0,910.5,2.28,768.0,2022,2,10,True,False,True,False,False,False,False
2022-02-11,15.403,460.0,22.1,8.2,48.9,13.1,910.4,14.752,941.0,2022,2,11,False,False,True,False,False,False,False
2022-02-11,4.678,389.0,22.1,8.2,48.9,13.1,910.4,2.692,763.0,2022,2,11,True,False,True,False,False,False,False
2022-02-12,12.344,480.0,21.7,13.3,65.5,10.7,909.9,17.609,958.0,2022,2,12,False,False,True,False,False,False,False
2022-02-12,4.433,386.0,21.7,13.3,65.5,10.7,909.9,3.531,759.0,2022,2,12,True,False,True,False,False,False,False
2022-02-13,13.561,462.0,21.7,13.8,65.3,8.2,909.3,14.023,966.0,2022,2,13,False,False,True,False,False,False,False
2022-02-13,5.888,377.0,21.7,13.8,65.3,8.2,909.3,3.823,756.0,2022,2,13,True,False,True,False,False,False,False
2022-02-14,12.138,475.0,22.3,13.1,62.6,9.7,909.1,21.491,970.0,2022,2,14,False,False,True,False,False,False,False
2022-02-14,5.187,388.0,22.3,13.1,62.6,9.7,909.1,4.047,756.0,2022,2,14,True,False,True,False,False,False,False
2022-02-15,3.877,395.0,22.0,14.3,66.7,9.7,909.1,4.259,773.0,2022,2,15,True,False,True,False,False,False,False
2022-02-15,15.965,474.0,22.0,14.3,66.7,9.7,909.1,16.649,960.0,2022,2,15,False,False,True,False,False,False,False
2022-02-17,6.665,392.0,22.1,10.9,56.7,9.2,906.9,5.302,762.0,2022,2,17,True,False,True,False,False,False,False
2022-02-17,14.379,477.0,22.1,10.9,56.7,9.2,906.9,11.996,999.0,2022,2,17,False,False,True,False,False,False,False
2022-02-19,16.413,473.0,21.9,13.0,62.8,9.6,910.5,15.372,972.0,2022,2,19,False,False,True,False,False,False,False
2022-02-19,8.07,380.0,21.9,13.0,62.8,9.6,910.5,6.566,771.0,2022,2,19,True,False,True,False,False,False,False
2022-02-22,6.634,373.0,24.0,14.5,60.8,9.7,910.6,10.214,744.0,2022,2,22,True,False,True,False,False,False,False
2022-02-22,24.882,446.0,24.0,14.5,60.8,9.7,910.6,28.93,875.0,2022,2,22,False,False,True,False,False,False,False
2022-02-23,6.977,366.0,22.6,13.3,61.8,13.1,912.7,9.36,734.0,2022,2,23,True,False,True,False,False,False,False
2022-02-23,21.636,445.0,22.6,13.3,61.8,13.1,912.7,19.048,890.0,2022,2,23,False,False,True,False,False,False,False
2022-02-24,21.205,427.0,21.6,10.6,56.8,10.0,913.1,15.317,946.0,2022,2,24,False,False,True,False,False,False,False
2022-02-24,6.922,367.0,21.6,10.6,56.8,10.0,913.1,5.579,725.0,2022,2,24,True,False,True,False,False,False,False
2022-02-25,16.71,435.0,22.3,7.6,51.9,9.8,912.0,10.562,966.0,2022,2,25,False,False,True,False,False,False,False
2022-02-25,7.966,359.0,22.3,7.6,51.9,9.8,912.0,5.304,758.0,2022,2,25,True,False,True,False,False,False,False
2022-02-26,9.005,355.0,22.2,10.7,58.6,11.4,912.4,4.002,774.0,2022,2,26,True,False,True,False,False,False,False
2022-02-26,9.562,430.0,22.2,10.7,58.6,11.4,912.4,15.066,978.0,2022,2,26,False,False,True,False,False,False,False
2022-02-27,12.452,341.0,22.3,11.6,56.5,8.9,893.4,5.496,801.0,2022,2,27,True,False,True,False,False,False,False
2022-02-27,21.644,472.0,22.3,11.6,56.5,8.9,893.4,19.597,922.0,2022,2,27,False,False,True,False,False,False,False
2022-02-28,11.025,338.0,24.2,8.1,40.7,10.8,911.9,7.244,755.0,2022,2,28,True,False,True,False,False,False,False
2022-02-28,16.561,423.0,24.2,8.1,40.7,10.8,911.9,18.379,926.0,2022,2,28,False,False,True,False,False,False,False
2022-03-01,25.579,404.0,23.3,8.6,45.1,9.9,912.0,24.016,900.0,2022,3,1,False,True,False,False,False,False,False
2022-03-01,10.285,338.0,23.3,8.6,45.1,9.9,912.0,6.311,742.0,2022,3,1,True,True,False,False,False,False,False
2022-03-02,25.266,391.0,22.7,3.5,34.1,9.3,911.6,27.642,900.0,2022,3,2,False,True,False,False,False,False,False
2022-03-02,8.252,340.0,22.7,3.5,34.1,9.3,911.6,4.763,759.0,2022,3,2,True,True,False,False,False,False,False
2022-03-03,10.864,333.0,22.3,6.3,40.5,11.7,911.4,4.998,765.0,2022,3,3,True,True,False,False,False,False,False
2022-03-03,20.221,386.0,22.3,6.3,40.5,11.7,911.4,29.222,950.0,2022,3,3,False,True,False,False,False,False,False
2022-03-04,11.526,333.0,22.9,7.7,43.8,12.2,911.0,4.568,759.0,2022,3,4,True,True,False,False,False,False,False
2022-03-04,21.779,400.0,22.9,7.7,43.8,12.2,911.0,24.381,900.0,2022,3,4,False,True,False,False,False,False,False
2022-03-05,10.961,334.0,22.9,11.5,55.0,9.9,910.4,4.617,766.0,2022,3,5,True,True,False,False,False,False,False
2022-03-05,25.451,396.0,22.9,11.5,55.0,9.9,910.4,19.324,925.0,2022,3,5,False,True,False,False,False,False,False
2022-03-06,13.729,328.0,22.6,12.6,56.8,14.9,910.3,4.973,781.0,2022,3,6,True,True,False,False,False,False,False
2022-03-06,25.979,393.0,22.6,12.6,56.8,14.9,910.3,19.808,930.0,2022,3,6,False,True,False,False,False,False,False
2022-03-07,15.768,401.0,21.7,15.3,68.7,14.7,910.5,13.932,960.0,2022,3,7,False,True,False,False,False,False,False
2022-03-07,12.912,335.0,21.7,15.3,68.7,14.7,910.5,5.238,766.0,2022,3,7,True,True,False,False,False,False,False
2022-03-08,28.48,390.0,23.2,12.6,57.6,11.2,910.2,12.906,975.0,2022,3,8,False,True,False,False,False,False,False
2022-03-08,12.786,328.0,23.2,12.6,57.6,11.2,910.2,5.405,776.0,2022,3,8,True,True,False,False,False,False,False
2022-03-09,24.363,382.0,24.4,10.4,48.2,9.8,909.9,17.633,986.0,2022,3,9,False,True,False,False,False,False,False
2022-03-09,12.759,325.0,24.4,10.4,48.2,9.8,909.9,3.365,788.0,2022,3,9,True,True,False,False,False,False,False
2022-03-10,11.212,328.0,24.7,8.5,39.9,10.3,909.7,3.379,799.0,2022,3,10,True,True,False,False,False,False,False
2022-03-10,26.817,371.0,24.7,8.5,39.9,10.3,909.7,17.998,982.0,2022,3,10,False,True,False,False,False,False,False
2022-03-11,28.577,370.0,24.6,5.9,36.2,10.2,909.3,15.511,997.0,2022,3,11,False,True,False,False,False,False,False
2022-03-11,9.222,337.0,24.6,5.9,36.2,10.2,909.3,4.236,778.0,2022,3,11,True,True,False,False,False,False,False
2022-03-12,16.667,377.0,24.6,7.3,37.2,10.3,909.1,20.202,966.0,2022,3,12,False,True,False,False,False,False,False
2022-03-12,8.223,338.0,24.6,7.3,37.2,10.3,909.1,5.509,788.0,2022,3,12,True,True,False,False,False,False,False
2022-03-13,21.889,386.0,24.7,9.0,40.9,11.7,909.7,25.47,936.0,2022,3,13,False,True,False,False,False,False,False
2022-03-13,8.726,340.0,24.7,9.0,40.9,11.7,909.7,7.124,769.0,2022,3,13,True,True,False,False,False,False,False
2022-03-14,11.01,333.0,25.5,11.2,44.5,8.6,909.6,8.081,730.0,2022,3,14,True,True,False,False,False,False,False
2022-03-14,24.04,391.0,25.5,11.2,44.5,8.6,909.6,27.89,965.0,2022,3,14,False,True,False,False,False,False,False
2022-03-15,35.498,378.0,25.3,7.6,39.3,7.5,908.5,29.08,920.0,2022,3,15,False,True,False,False,False,False,False
2022-03-15,11.366,327.0,25.3,7.6,39.3,7.5,908.5,7.267,745.0,2022,3,15,True,True,False,False,False,False,False
2022-03-16,8.461,336.0,25.8,7.2,35.9,8.3,907.5,4.154,770.0,2022,3,16,True,True,False,False,False,False,False
2022-03-16,30.622,381.0,25.8,7.2,35.9,8.3,907.5,29.641,920.0,2022,3,16,False,True,False,False,False,False,False
2022-03-17,7.849,340.0,26.1,6.7,34.0,7.3,907.4,5.274,778.0,2022,3,17,True,True,False,False,False,False,False
2022-03-17,30.485,387.0,26.1,6.7,34.0,7.3,907.4,24.197,922.0,2022,3,17,False,True,False,False,False,False,False
2022-03-18,30.503,392.0,26.3,9.2,38.9,7.3,906.9,22.954,906.0,2022,3,18,False,True,False,False,False,False,False
2022-03-18,7.843,342.0,26.3,9.2,38.9,7.3,906.9,5.757,758.0,2022,3,18,True,True,False,False,False,False,False
2022-03-19,22.522,401.0,25.6,16.0,59.6,11.7,907.0,19.728,940.0,2022,3,19,False,True,False,False,False,False,False
2022-03-19,5.867,345.0,25.6,16.0,59.6,11.7,907.0,6.036,766.0,2022,3,19,True,True,False,False,False,False,False
2022-03-20,37.075,384.0,24.6,17.4,66.3,13.6,907.1,19.952,940.0,2022,3,20,False,True,False,False,False,False,False
2022-03-20,5.538,354.0,24.6,17.4,66.3,13.6,907.1,7.584,758.0,2022,3,20,True,True,False,False,False,False,False
2022-03-21,25.394,391.0,24.6,18.8,71.8,11.8,907.1,24.94,968.0,2022,3,21,False,True,False,False,False,False,False
2022-03-21,4.511,359.0,24.6,18.8,71.8,11.8,907.1,6.697,766.0,2022,3,21,True,True,False,False,False,False,False
2022-03-22,4.341,363.0,26.1,18.5,65.5,6.5,907.5,6.765,750.0,2022,3,22,True,True,False,False,False,False,False
2022-03-22,27.265,397.0,26.1,18.5,65.5,6.5,907.5,17.732,952.0,2022,3,22,False,True,False,False,False,False,False
2022-03-23,19.382,414.0,26.8,17.4,59.5,9.6,907.0,24.201,938.0,2022,3,23,False,True,False,False,False,False,False
2022-03-23,4.208,369.0,26.8,17.4,59.5,9.6,907.0,7.032,769.0,2022,3,23,True,True,False,False,False,False,False
2022-03-24,29.42,413.0,26.2,18.0,63.7,9.6,907.5,33.154,899.0,2022,3,24,False,True,False,False,False,False,False
2022-03-24,7.254,362.0,26.2,18.0,63.7,9.6,907.5,7.942,770.0,2022,3,24,True,True,False,False,False,False,False
2022-03-25,22.358,423.0,26.1,18.2,65.0,7.7,908.8,31.126,902.0,2022,3,25,False,True,False,False,False,False,False
2022-03-25,8.952,351.0,26.1,18.2,65.0,7.7,908.8,7.896,755.0,2022,3,25,True,True,False,False,False,False,False
2022-03-26,7.978,355.0,26.7,18.9,66.0,8.3,910.1,11.508,760.0,2022,3,26,True,True,False,False,False,False,False
2022-03-26,21.381,426.0,26.7,18.9,66.0,8.3,910.1,26.664,922.0,2022,3,26,False,True,False,False,False,False,False
2022-03-27,8.598,347.0,27.1,16.9,58.0,6.5,910.1,14.029,688.0,2022,3,27,True,True,False,False,False,False,False
2022-03-27,19.931,416.0,27.1,16.9,58.0,6.5,910.1,25.244,890.0,2022,3,27,False,True,False,False,False,False,False
2022-03-28,7.254,345.0,27.6,16.1,53.9,7.7,909.5,13.823,650.0,2022,3,28,True,True,False,False,False,False,False
2022-03-28,25.948,421.0,27.6,16.1,53.9,7.7,909.5,22.758,856.0,2022,3,28,False,True,False,False,False,False,False
2022-03-30,12.082,327.0,27.7,17.6,58.6,10.7,908.5,12.242,646.0,2022,3,30,True,True,False,False,False,False,False
2022-03-30,28.7,389.0,27.7,17.6,58.6,10.7,908.5,29.987,816.0,2022,3,30,False,True,False,False,False,False,False
2022-03-31,10.555,342.0,29.1,15.7,49.0,8.9,908.8,11.124,781.0,2022,3,31,True,True,False,False,False,False,False
2022-03-31,16.07,398.0,29.1,15.7,49.0,8.9,908.8,29.943,839.0,2022,3,31,False,True,False,False,False,False,False
2022-04-01,10.013,343.0,26.4,18.8,66.6,9.1,908.9,8.478,675.0,2022,4,1,True,True,False,False,False,False,False
2022-04-01,17.512,400.0,26.4,18.8,66.6,9.1,908.9,43.207,790.0,2022,4,1,False,True,False,False,False,False,False
2022-04-02,10.885,340.0,26.7,16.3,57.9,8.3,909.7,4.996,655.0,2022,4,2,True,True,False,False,False,False,False
2022-04-02,19.078,399.0,26.7,16.3,57.9,8.3,909.7,23.037,803.0,2022,4,2,False,True,False,False,False,False,False
2022-04-03,22.601,396.0,26.6,14.5,52.6,9.6,909.2,23.463,758.0,2022,4,3,False,True,False,False,False,False,False
2022-04-03,12.982,337.0,26.6,14.5,52.6,9.6,909.2,1.99,650.0,2022,4,3,True,True,False,False,False,False,False
2022-04-04,16.25,409.0,26.8,15.3,56.1,12.0,910.2,27.795,798.0,2022,4,4,False,True,False,False,False,False,False
2022-04-04,11.832,334.0,26.8,15.3,56.1,12.0,910.2,4.532,686.0,2022,4,4,True,True,False,False,False,False,False
2022-04-05,26.247,390.0,26.6,13.7,51.7,11.2,911.5,35.03,810.0,2022,4,5,False,True,False,False,False,False,False
2022-04-05,12.46,338.0,26.6,13.7,51.7,11.2,911.5,6.931,697.0,2022,4,5,True,True,False,False,False,False,False
2022-04-06,24.79,389.0,27.2,13.2,49.6,9.4,911.2,41.409,806.0,2022,4,6,False,True,False,False,False,False,False
2022-04-06,10.623,342.0,27.2,13.2,49.6,9.4,911.2,4.232,733.0,2022,4,6,True,True,False,False,False,False,False
2022-04-07,25.397,392.0,27.3,14.2,53.2,10.9,910.1,44.863,800.0,2022,4,7,False,True,False,False,False,False,False
2022-04-07,7.255,351.0,27.3,14.2,53.2,10.9,910.1,3.928,745.0,2022,4,7,True,True,False,False,False,False,False
2022-04-08,7.246,351.0,27.0,16.8,58.7,9.9,909.3,6.141,705.0,2022,4,8,True,True,False,False,False,False,False
2022-04-08,23.332,383.0,27.0,16.8,58.7,9.9,909.3,41.015,800.0,2022,4,8,False,True,False,False,False,False,False
2022-04-09,7.708,351.0,27.2,16.8,58.1,10.0,908.5,6.75,698.0,2022,4,9,True,True,False,False,False,False,False
2022-04-09,20.954,387.0,27.2,16.8,58.1,10.0,908.5,43.902,896.0,2022,4,9,False,True,False,False,False,False,False
2022-04-10,18.048,391.0,27.0,16.4,57.4,9.0,908.3,26.616,802.0,2022,4,10,False,True,False,False,False,False,False
2022-04-10,6.409,354.0,27.0,16.4,57.4,9.0,908.3,8.142,685.0,2022,4,10,True,True,False,False,False,False,False
2022-04-11,6.488,353.0,27.3,16.4,57.0,12.0,907.5,8.801,685.0,2022,4,11,True,True,False,False,False,False,False
2022-04-11,10.714,401.0,27.3,16.4,57.0,12.0,907.5,29.334,800.0,2022,4,11,False,True,False,False,False,False,False
2022-04-12,6.411,355.0,27.3,17.4,60.2,13.0,906.7,7.947,665.0,2022,4,12,True,True,False,False,False,False,False
2022-04-12,18.633,371.0,27.3,17.4,60.2,13.0,906.7,21.304,810.0,2022,4,12,False,True,False,False,False,False,False
2022-04-13,13.01,393.0,25.9,19.3,68.9,10.7,906.7,18.698,823.0,2022,4,13,False,True,False,False,False,False,False
2022-04-13,5.603,350.0,25.9,19.3,68.9,10.7,906.7,6.436,700.0,2022,4,13,True,True,False,False,False,False,False
2022-04-14,3.086,361.0,24.2,18.8,75.6,10.4,907.5,4.986,693.0,2022,4,14,True,True,False,False,False,False,False
2022-04-14,8.775,392.0,24.2,18.8,75.6,10.4,907.5,20.436,830.0,2022,4,14,False,True,False,False,False,False,False
2022-04-15,4.694,356.0,24.9,18.5,71.3,8.2,907.0,6.636,715.0,2022,4,15,True,True,False,False,False,False,False
2022-04-15,19.095,395.0,24.9,18.5,71.3,8.2,907.0,23.131,806.0,2022,4,15,False,True,False,False,False,False,False
2022-04-16,6.936,348.0,24.9,19.4,75.7,10.1,906.6,5.825,726.0,2022,4,16,True,True,False,False,False,False,False
2022-04-16,25.679,384.0,24.9,19.4,75.7,10.1,906.6,32.542,838.0,2022,4,16,False,True,False,False,False,False,False
2022-04-17,4.104,363.0,25.9,18.1,66.0,9.6,907.4,4.404,796.0,2022,4,17,True,True,False,False,False,False,False
2022-04-17,19.312,390.0,25.9,18.1,66.0,9.6,907.4,27.659,792.0,2022,4,17,False,True,False,False,False,False,False
2022-04-18,3.772,351.0,24.3,19.1,77.3,11.3,909.0,5.564,715.0,2022,4,18,True,True,False,False,False,False,False
2022-04-18,19.957,376.0,24.3,19.1,77.3,11.3,909.0,29.071,812.0,2022,4,18,False,True,False,False,False,False,False
2022-04-19,5.143,340.0,26.0,18.1,64.2,7.1,909.8,5.811,701.0,2022,4,19,True,True,False,False,False,False,False
2022-04-19,23.493,363.0,26.0,18.1,64.2,7.1,909.8,32.234,820.0,2022,4,19,False,True,False,False,False,False,False
2022-04-21,10.719,379.0,27.2,18.4,63.3,10.8,907.4,22.695,841.0,2022,4,21,False,True,False,False,False,False,False
2022-04-21,4.261,345.0,27.2,18.4,63.3,10.8,907.4,6.16,700.0,2022,4,21,True,True,False,False,False,False,False
2022-04-22,11.185,381.0,26.9,17.9,62.0,10.4,908.5,14.75,842.0,2022,4,22,False,True,False,False,False,False,False
2022-04-22,4.439,336.0,26.9,17.9,62.0,10.4,908.5,6.327,735.0,2022,4,22,True,True,False,False,False,False,False
2022-04-23,12.807,351.0,26.5,18.2,63.5,10.1,909.0,23.94,871.0,2022,4,23,False,True,False,False,False,False,False
2022-04-23,0.719,306.0,26.5,18.2,63.5,10.1,909.0,5.959,725.0,2022,4,23,True,True,False,False,False,False,False
2022-04-25,19.418,334.0,27.8,16.7,54.2,7.5,907.5,18.2,886.0,2022,4,25,False,True,False,False,False,False,False
2022-04-25,10.312,250.0,27.8,16.7,54.2,7.5,907.5,7.204,735.0,2022,4,25,True,True,False,False,False,False,False
2022-04-26,21.604,299.0,28.1,16.3,51.3,8.7,907.8,19.699,862.0,2022,4,26,False,True,False,False,False,False,False
2022-04-26,10.887,242.0,28.1,16.3,51.3,8.7,907.8,6.22,730.0,2022,4,26,True,True,False,False,False,False,False
2022-04-28,9.471,243.0,28.5,16.5,51.1,10.2,908.6,8.284,708.0,2022,4,28,True,True,False,False,False,False,False
2022-04-28,17.443,301.0,28.5,16.5,51.1,10.2,908.6,21.462,840.0,2022,4,28,False,True,False,False,False,False,False
2022-04-29,10.527,247.0,29.2,14.0,43.5,9.3,907.8,10.759,720.0,2022,4,29,True,True,False,False,False,False,False
2022-04-29,14.169,307.0,29.2,14.0,43.5,9.3,907.8,18.135,866.0,2022,4,29,False,True,False,False,False,False,False
2022-04-30,11.413,304.0,29.5,16.7,48.2,12.6,907.0,17.432,810.0,2022,4,30,False,True,False,False,False,False,False
2022-04-30,13.406,244.0,29.5,16.7,48.2,12.6,907.0,13.474,670.0,2022,4,30,True,True,False,False,False,False,False
2022-05-01,13.052,245.0,25.2,19.9,75.7,12.3,906.6,13.171,632.0,2022,5,1,True,False,False,False,False,False,True
2022-05-01,12.567,313.0,25.2,19.9,75.7,12.3,906.6,19.794,782.0,2022,5,1,False,False,False,False,False,False,True
2022-05-02,19.058,261.0,26.9,18.6,62.7,12.4,906.2,8.597,620.0,2022,5,2,True,False,False,False,False,False,True
2022-05-02,12.382,316.0,26.9,18.6,62.7,12.4,906.2,27.62,785.0,2022,5,2,False,False,False,False,False,False,True
2022-05-03,10.473,300.0,26.3,19.2,67.8,11.3,907.0,13.05,706.0,2022,5,3,False,False,False,False,False,False,True
2022-05-03,8.523,271.0,26.3,19.2,67.8,11.3,907.0,4.119,656.0,2022,5,3,True,False,False,False,False,False,True
2022-05-04,19.381,328.0,25.2,19.6,74.2,10.0,908.0,38.698,750.0,2022,5,4,False,False,False,False,False,False,True
2022-05-04,5.522,279.0,25.2,19.6,74.2,10.0,908.0,10.949,585.0,2022,5,4,True,False,False,False,False,False,True
2022-05-05,5.141,278.0,25.0,19.2,71.7,10.5,907.3,9.97,746.0,2022,5,5,True,False,False,False,False,False,True
2022-05-05,22.066,321.0,25.0,19.2,71.7,10.5,907.3,47.193,700.0,2022,5,5,False,False,False,False,False,False,True
2022-05-06,7.127,272.0,24.5,18.9,73.9,10.6,906.9,13.325,670.0,2022,5,6,True,False,False,False,False,False,True
2022-05-06,16.48,325.0,24.5,18.9,73.9,10.6,906.9,27.551,744.0,2022,5,6,False,False,False,False,False,False,True
2022-05-07,12.597,327.0,26.6,18.1,62.4,9.8,906.0,30.359,680.0,2022,5,7,False,False,False,False,False,False,True
2022-05-07,9.855,264.0,26.6,18.1,62.4,9.8,906.0,18.388,675.0,2022,5,7,True,False,False,False,False,False,True
2022-05-08,17.757,317.0,25.8,18.7,68.3,10.2,904.5,24.43,706.0,2022,5,8,False,False,False,False,False,False,True
2022-05-08,13.052,242.0,25.8,18.7,68.3,10.2,904.5,12.387,555.0,2022,5,8,True,False,False,False,False,False,True
2022-05-09,16.204,306.0,25.2,19.7,73.1,18.1,903.2,27.349,689.0,2022,5,9,False,False,False,False,False,False,True
2022-05-09,12.245,235.0,25.2,19.7,73.1,18.1,903.2,10.626,500.0,2022,5,9,True,False,False,False,False,False,True
2022-05-10,8.261,308.0,23.8,21.8,88.7,23.8,902.9,22.171,712.0,2022,5,10,False,False,False,False,False,False,True
2022-05-10,7.606,246.0,23.8,21.8,88.7,23.8,902.9,10.236,470.0,2022,5,10,True,False,False,False,False,False,True
2022-05-11,5.149,320.0,22.5,19.6,84.8,24.9,903.7,27.297,690.0,2022,5,11,False,False,False,False,False,False,True
2022-05-11,7.779,249.0,22.5,19.6,84.8,24.9,903.7,10.653,432.0,2022,5,11,True,False,False,False,False,False,True
2022-05-12,9.47,243.0,22.3,21.4,95.0,21.7,904.6,10.123,448.0,2022,5,12,True,False,False,False,False,False,True
2022-05-12,7.217,310.0,22.3,21.4,95.0,21.7,904.6,22.278,681.0,2022,5,12,False,False,False,False,False,False,True
2022-05-13,16.736,300.0,23.7,21.5,88.7,19.6,904.6,19.713,650.0,2022,5,13,False,False,False,False,False,False,True
2022-05-13,9.409,232.0,23.7,21.5,88.7,19.6,904.6,8.78,455.0,2022,5,13,True,False,False,False,False,False,True
2022-05-14,9.562,294.0,25.6,21.4,79.7,14.5,905.4,32.036,678.0,2022,5,14,False,False,False,False,False,False,True
2022-05-14,5.541,228.0,25.6,21.4,79.7,14.5,905.4,10.809,480.0,2022,5,14,True,False,False,False,False,False,True
2022-05-15,24.535,297.0,25.5,22.2,82.9,13.8,906.0,31.676,688.0,2022,5,15,False,False,False,False,False,False,True
2022-05-15,8.261,234.0,25.5,22.2,82.9,13.8,906.0,10.424,432.0,2022,5,15,True,False,False,False,False,False,True
2022-05-16,6.455,248.0,23.6,21.1,87.8,9.8,905.3,6.362,670.0,2022,5,16,True,False,False,False,False,False,True
2022-05-16,17.836,305.0,23.6,21.1,87.8,9.8,905.3,41.276,635.0,2022,5,16,False,False,False,False,False,False,True
2022-05-17,5.546,261.0,23.4,21.8,91.4,7.2,904.1,7.521,444.0,2022,5,17,True,False,False,False,False,False,True
2022-05-17,18.929,314.0,23.4,21.8,91.4,7.2,904.1,26.948,677.0,2022,5,17,False,False,False,False,False,False,True
2022-05-18,13.123,324.0,23.5,22.5,94.8,7.8,904.3,22.622,760.0,2022,5,18,False,False,False,False,False,False,True
2022-05-18,5.616,267.0,23.5,22.5,94.8,7.8,904.3,6.71,483.0,2022,5,18,True,False,False,False,False,False,True
2022-05-19,13.756,330.0,20.7,20.2,96.9,19.7,905.9,16.64,788.0,2022,5,19,False,False,False,False,False,False,True
2022-05-19,7.059,273.0,20.7,20.2,96.9,19.7,905.9,6.068,489.0,2022,5,19,True,False,False,False,False,False,True
2022-05-20,11.986,261.0,22.1,19.7,87.4,19.3,906.9,5.377,510.0,2022,5,20,True,False,False,False,False,False,True
2022-05-20,15.591,333.0,22.1,19.7,87.4,19.3,906.9,17.255,830.0,2022,5,20,False,False,False,False,False,False,True
2022-05-21,9.993,344.0,23.1,19.0,78.7,20.5,887.6,20.963,823.0,2022,5,21,False,False,False,False,False,False,True
2022-05-21,10.647,268.0,23.1,19.0,78.7,20.5,887.6,11.488,505.0,2022,5,21,True,False,False,False,False,False,True
2022-05-22,10.411,358.0,24.1,20.6,82.2,23.6,905.3,19.124,766.0,2022,5,22,False,False,False,False,False,False,True
2022-05-22,8.487,280.0,24.1,20.6,82.2,23.6,905.3,10.666,470.0,2022,5,22,True,False,False,False,False,False,True
2022-05-23,7.145,290.0,25.0,20.4,77.7,15.9,905.2,9.33,503.0,2022,5,23,True,False,False,False,False,False,True
2022-05-23,9.194,356.0,25.0,20.4,77.7,15.9,905.2,26.472,855.0,2022,5,23,False,False,False,False,False,False,True
2022-05-24,8.503,287.0,26.0,20.3,72.8,12.7,907.4,7.844,560.0,2022,5,24,True,False,False,False,False,False,True
2022-05-24,15.222,348.0,26.0,20.3,72.8,12.7,907.4,28.416,850.0,2022,5,24,False,False,False,False,False,False,True
2022-05-25,12.185,284.0,25.9,20.9,75.8,8.3,908.3,5.045,619.0,2022,5,25,True,False,False,False,False,False,True
2022-05-25,18.128,359.0,25.9,20.9,75.8,8.3,908.3,25.854,820.0,2022,5,25,False,False,False,False,False,False,True
2022-05-26,12.013,285.0,24.4,20.4,80.2,15.1,908.2,6.663,625.0,2022,5,26,True,False,False,False,False,False,True
2022-05-26,17.019,367.0,24.4,20.4,80.2,15.1,908.2,28.423,777.0,2022,5,26,False,False,False,False,False,False,True
2022-05-27,10.535,291.0,25.3,19.3,71.5,14.1,907.7,10.406,590.0,2022,5,27,True,False,False,False,False,False,True
2022-05-27,12.404,373.0,25.3,19.3,71.5,14.1,907.7,26.016,822.0,2022,5,27,False,False,False,False,False,False,True
2022-05-28,7.961,307.0,25.2,18.8,70.3,15.7,888.3,12.534,566.0,2022,5,28,True,False,False,False,False,False,True
2022-05-28,9.964,386.0,25.2,18.8,70.3,15.7,888.3,22.778,823.0,2022,5,28,False,False,False,False,False,False,True
2022-05-29,8.801,308.0,25.4,19.4,71.2,14.5,906.8,9.548,568.0,2022,5,29,True,False,False,False,False,False,True
2022-05-29,19.466,385.0,25.4,19.4,71.2,14.5,906.8,19.543,803.0,2022,5,29,False,False,False,False,False,False,True
2022-05-30,8.633,315.0,25.3,20.1,74.9,13.3,906.4,7.384,605.0,2022,5,30,True,False,False,False,False,False,True
2022-05-30,11.296,396.0,25.3,20.1,74.9,13.3,906.4,20.277,816.0,2022,5,30,False,False,False,False,False,False,True
2022-05-31,10.909,418.0,25.7,20.0,71.8,14.4,905.9,26.125,840.0,2022,5,31,False,False,False,False,False,False,True
2022-05-31,10.031,327.0,25.7,20.0,71.8,14.4,905.9,12.074,591.0,2022,5,31,True,False,False,False,False,False,True
2022-06-01,7.436,421.0,25.1,20.0,75.5,14.8,906.1,23.656,833.0,2022,6,1,False,False,False,False,False,False,True
2022-06-01,7.92,343.0,25.1,20.0,75.5,14.8,906.1,10.335,623.0,2022,6,1,True,False,False,False,False,False,True
2022-06-02,8.648,443.0,25.5,20.4,74.8,15.6,906.0,24.852,806.0,2022,6,2,False,False,False,False,False,False,True
2022-06-02,9.772,345.0,25.5,20.4,74.8,15.6,906.0,11.159,615.0,2022,6,2,True,False,False,False,False,False,True
2022-06-03,10.323,335.0,25.6,18.4,67.0,14.2,905.5,7.951,665.0,2022,6,3,True,False,False,False,False,False,True
2022-06-03,23.164,418.0,25.6,18.4,67.0,14.2,905.5,16.799,866.0,2022,6,3,False,False,False,False,False,False,True
2022-06-04,9.919,342.0,25.2,18.6,69.6,11.8,905.5,11.252,656.0,2022,6,4,True,False,False,False,False,False,True
2022-06-04,16.48,410.0,25.2,18.6,69.6,11.8,905.5,32.031,816.0,2022,6,4,False,False,False,False,False,False,True
2022-06-05,9.165,336.0,24.6,20.1,78.4,16.9,905.8,10.876,611.0,2022,6,5,True,False,False,False,False,False,True
2022-06-05,11.784,421.0,24.6,20.1,78.4,16.9,905.8,34.386,780.0,2022,6,5,False,False,False,False,False,False,True
2022-06-06,9.445,432.0,25.0,20.5,77.8,11.2,906.1,25.954,801.0,2022,6,6,False,False,False,False,False,False,True
2022-06-06,8.33,342.0,25.0,20.5,77.8,11.2,906.1,11.303,616.0,2022,6,6,True,False,False,False,False,False,True
2022-06-07,15.439,421.0,24.7,20.4,77.8,18.1,906.6,23.581,856.0,2022,6,7,False,False,False,False,False,False,True
2022-06-07,7.616,345.0,24.7,20.4,77.8,18.1,906.6,11.931,620.0,2022,6,7,True,False,False,False,False,False,True
2022-06-08,8.214,332.0,24.9,20.1,76.7,19.1,906.4,10.23,635.0,2022,6,8,True,False,False,False,False,False,True
2022-06-08,9.562,438.0,24.9,20.1,76.7,19.1,906.4,19.283,806.0,2022,6,8,False,False,False,False,False,False,True
2022-06-09,15.904,425.0,25.0,19.5,72.5,18.1,906.3,23.552,775.0,2022,6,9,False,False,False,False,False,False,True
2022-06-09,8.503,334.0,25.0,19.5,72.5,18.1,906.3,9.586,625.0,2022,6,9,True,False,False,False,False,False,True
2022-06-10,10.136,433.0,24.8,18.9,71.2,21.0,907.0,18.45,813.0,2022,6,10,False,False,False,False,False,False,True
2022-06-10,9.022,338.0,24.8,18.9,71.2,21.0,907.0,9.581,628.0,2022,6,10,True,False,False,False,False,False,True
2022-06-11,10.548,449.0,24.9,19.3,72.4,19.7,907.4,28.453,826.0,2022,6,11,False,False,False,False,False,False,True
2022-06-11,10.069,343.0,24.9,19.3,72.4,19.7,907.4,12.598,666.0,2022,6,11,True,False,False,False,False,False,True
2022-06-12,10.398,353.0,24.5,19.7,76.6,18.7,907.5,11.61,616.0,2022,6,12,True,False,False,False,False,False,True
2022-06-12,15.539,450.0,24.5,19.7,76.6,18.7,907.5,16.286,847.0,2022,6,12,False,False,False,False,False,False,True
2022-06-13,13.731,442.0,24.6,19.1,72.5,15.0,907.9,23.279,827.0,2022,6,13,False,False,False,False,False,False,True
2022-06-13,8.143,345.0,24.6,19.1,72.5,15.0,907.9,10.707,609.0,2022,6,13,True,False,False,False,False,False,True
2022-06-14,8.281,359.0,24.8,19.9,77.1,12.5,907.3,10.2,602.0,2022,6,14,True,False,False,False,False,False,True
2022-06-14,16.191,437.0,24.8,19.9,77.1,12.5,907.3,27.038,816.0,2022,6,14,False,False,False,False,False,False,True
2022-06-15,13.909,434.0,23.9,20.5,82.1,10.6,907.0,28.447,755.0,2022,6,15,False,False,False,False,False,False,True
2022-06-15,10.909,354.0,23.9,20.5,82.1,10.6,907.0,7.98,590.0,2022,6,15,True,False,False,False,False,False,True
2022-06-16,11.781,434.0,24.5,20.3,79.6,11.4,906.6,30.159,777.0,2022,6,16,False,False,False,False,False,False,True
2022-06-16,7.487,361.0,24.5,20.3,79.6,11.4,906.6,5.659,674.0,2022,6,16,True,False,False,False,False,False,True
2022-06-17,7.973,361.0,24.1,20.7,83.4,9.1,906.3,4.991,645.0,2022,6,17,True,False,False,False,False,False,True
2022-06-17,12.086,433.0,24.1,20.7,83.4,9.1,906.3,22.817,786.0,2022,6,17,False,False,False,False,False,False,True
2022-06-18,12.67,350.0,23.6,21.1,87.1,9.6,906.8,6.854,630.0,2022,6,18,True,False,False,False,False,False,True
2022-06-18,16.367,452.0,23.6,21.1,87.1,9.6,906.8,14.416,817.0,2022,6,18,False,False,False,False,False,False,True
2022-06-19,12.67,350.0,24.0,21.1,86.0,10.5,906.6,6.854,630.0,2022,6,19,True,False,False,False,False,False,True
2022-06-19,16.367,452.0,24.0,21.1,86.0,10.5,906.6,14.416,817.0,2022,6,19,False,False,False,False,False,False,True
2022-06-20,10.725,354.0,23.5,21.0,86.2,15.5,905.9,9.039,623.0,2022,6,20,True,False,False,False,False,False,True
2022-06-20,13.239,447.0,23.5,21.0,86.2,15.5,905.9,26.122,826.0,2022,6,20,False,False,False,False,False,False,True
2022-06-21,12.597,357.0,23.5,19.9,78.1,16.8,905.2,10.179,600.0,2022,6,21,True,False,False,False,False,False,True
2022-06-21,10.712,450.0,23.5,19.9,78.1,16.8,905.2,20.453,801.0,2022,6,21,False,False,False,False,False,False,True
2022-06-22,11.407,446.0,23.4,20.2,83.1,18.6,906.7,20.362,786.0,2022,6,22,False,False,False,False,False,False,True
2022-06-22,12.726,359.0,23.4,20.2,83.1,18.6,906.7,9.0,600.0,2022,6,22,True,False,False,False,False,False,True
2022-06-23,19.538,448.0,23.1,20.5,85.8,16.4,906.9,23.28,888.0,2022,6,23,False,False,False,False,False,False,True
2022-06-23,11.394,363.0,23.1,20.5,85.8,16.4,906.9,8.961,598.0,2022,6,23,True,False,False,False,False,False,True
2022-06-24,26.404,443.0,24.1,19.4,76.8,22.5,906.1,19.756,825.0,2022,6,24,False,False,False,False,False,False,True
2022-06-24,8.449,366.0,24.1,19.4,76.8,22.5,906.1,5.427,570.0,2022,6,24,True,False,False,False,False,False,True
2022-06-25,10.318,365.0,23.7,19.5,78.0,23.6,904.5,8.514,598.0,2022,6,25,True,False,False,False,False,False,True
2022-06-25,28.234,435.0,23.7,19.5,78.0,23.6,904.5,21.991,836.0,2022,6,25,False,False,False,False,False,False,True
2022-06-26,10.815,364.0,24.0,18.8,74.5,19.1,905.5,9.234,588.0,2022,6,26,True,False,False,False,False,False,True
2022-06-26,23.637,439.0,24.0,18.8,74.5,19.1,905.5,15.753,782.0,2022,6,26,False,False,False,False,False,False,True
2022-06-27,10.029,358.0,23.8,18.7,74.0,17.9,906.7,13.418,595.0,2022,6,27,True,False,False,False,False,False,True
2022-06-27,14.49,426.0,23.8,18.7,74.0,17.9,906.7,17.526,781.0,2022,6,27,False,False,False,False,False,False,True
2022-06-28,33.297,412.0,23.6,19.5,78.6,15.9,906.2,22.335,769.0,2022,6,28,False,False,False,False,False,False,True
2022-06-28,9.073,357.0,23.6,19.5,78.6,15.9,906.2,11.668,595.0,2022,6,28,True,False,False,False,False,False,True
2022-06-29,7.199,364.0,24.1,19.8,78.3,17.8,904.9,10.849,580.0,2022,6,29,True,False,False,False,False,False,True
2022-06-29,20.814,422.0,24.1,19.8,78.3,17.8,904.9,24.214,770.0,2022,6,29,False,False,False,False,False,False,True
2022-06-30,6.777,363.0,24.6,20.5,78.7,17.4,904.9,11.861,585.0,2022,6,30,True,False,False,False,False,False,True
2022-06-30,26.271,427.0,24.6,20.5,78.7,17.4,904.9,28.422,826.0,2022,6,30,False,False,False,False,False,False,True
2022-07-01,9.85,350.0,23.4,20.8,86.7,17.0,905.3,14.722,600.0,2022,7,1,True,False,False,False,False,True,False
2022-07-01,14.758,427.0,23.4,20.8,86.7,17.0,905.3,24.727,795.0,2022,7,1,False,False,False,False,False,True,False
2022-07-02,14.085,423.0,23.6,20.7,85.8,18.1,904.5,22.815,805.0,2022,7,2,False,False,False,False,False,True,False
2022-07-02,15.308,334.0,23.6,20.7,85.8,18.1,904.5,15.934,597.0,2022,7,2,True,False,False,False,False,True,False
2022-07-03,15.266,337.0,23.5,21.1,87.0,15.4,904.9,11.815,600.0,2022,7,3,True,False,False,False,False,True,False
2022-07-03,21.898,424.0,23.5,21.1,87.0,15.4,904.9,10.524,823.0,2022,7,3,False,False,False,False,False,True,False
2022-07-04,21.898,424.0,22.5,20.1,86.5,19.4,904.5,10.524,823.0,2022,7,4,False,False,False,False,False,True,False
2022-07-04,15.266,337.0,22.5,20.1,86.5,19.4,904.5,11.815,600.0,2022,7,4,True,False,False,False,False,True,False
2022-07-05,37.968,403.0,22.8,20.1,85.1,21.4,903.9,28.047,786.0,2022,7,5,False,False,False,False,False,True,False
2022-07-05,12.224,335.0,22.8,20.1,85.1,21.4,903.9,15.363,585.0,2022,7,5,True,False,False,False,False,True,False
2022-07-06,11.992,334.0,22.4,20.4,88.8,19.0,905.9,14.042,555.0,2022,7,6,True,False,False,False,False,True,False
2022-07-06,26.007,409.0,22.4,20.4,88.8,19.0,905.9,25.939,803.0,2022,7,6,False,False,False,False,False,True,False
2022-07-07,28.501,407.0,21.6,20.8,95.1,19.8,907.3,31.764,722.0,2022,7,7,False,False,False,False,False,True,False
2022-07-07,12.008,333.0,21.6,20.8,95.1,19.8,907.3,12.146,569.0,2022,7,7,True,False,False,False,False,True,False
2022-07-08,29.918,404.0,21.7,20.1,90.8,21.0,906.0,26.432,712.0,2022,7,8,False,False,False,False,False,True,False
2022-07-08,11.037,336.0,21.7,20.1,90.8,21.0,906.0,18.722,540.0,2022,7,8,True,False,False,False,False,True,False
2022-07-09,20.288,410.0,22.0,20.8,93.5,19.2,904.5,25.245,751.0,2022,7,9,False,False,False,False,False,True,False
2022-07-09,9.682,335.0,22.0,20.8,93.5,19.2,904.5,11.635,480.0,2022,7,9,True,False,False,False,False,True,False
2022-07-10,22.05,412.0,22.6,20.1,86.6,22.5,905.5,6.125,633.0,2022,7,10,False,False,False,False,False,True,False
2022-07-10,12.318,335.0,22.6,20.1,86.6,22.5,905.5,4.792,428.0,2022,7,10,True,False,False,False,False,True,False
2022-07-11,21.92,406.0,22.3,19.8,86.2,22.3,907.1,30.922,752.0,2022,7,11,False,False,False,False,False,True,False
2022-07-11,12.969,329.0,22.3,19.8,86.2,22.3,907.1,7.671,439.0,2022,7,11,True,False,False,False,False,True,False
2022-07-12,23.924,409.0,23.3,19.6,80.7,24.8,906.0,24.321,761.0,2022,7,12,False,False,False,False,False,True,False
2022-07-12,17.211,324.0,23.3,19.6,80.7,24.8,906.0,10.762,423.0,2022,7,12,True,False,False,False,False,True,False
2022-07-13,19.519,406.0,22.1,19.6,86.0,20.5,904.1,27.303,728.0,2022,7,13,False,False,False,False,False,True,False
2022-07-13,8.814,339.0,22.1,19.6,86.0,20.5,904.1,14.231,479.0,2022,7,13,True,False,False,False,False,True,False
2022-07-14,9.516,336.0,21.9,20.4,91.2,21.5,903.4,15.237,500.0,2022,7,14,True,False,False,False,False,True,False
2022-07-14,20.096,407.0,21.9,20.4,91.2,21.5,903.4,21.819,786.0,2022,7,14,False,False,False,False,False,True,False
2022-07-15,10.719,417.0,22.9,19.7,82.9,21.3,904.8,20.379,799.0,2022,7,15,False,False,False,False,False,True,False
2022-07-15,7.761,340.0,22.9,19.7,82.9,21.3,904.8,11.01,460.0,2022,7,15,True,False,False,False,False,True,False
2022-07-16,20.603,408.0,22.2,20.4,90.2,19.2,905.7,19.817,789.0,2022,7,16,False,False,False,False,False,True,False
2022-07-16,9.201,340.0,22.2,20.4,90.2,19.2,905.7,9.539,519.0,2022,7,16,True,False,False,False,False,True,False
2022-07-17,16.932,319.0,22.9,20.8,89.0,17.9,906.2,9.233,489.0,2022,7,17,True,False,False,False,False,True,False
2022-07-17,26.035,405.0,22.9,20.8,89.0,17.9,906.2,24.391,780.0,2022,7,17,False,False,False,False,False,True,False
2022-07-18,21.379,397.0,22.7,20.9,89.8,15.1,907.0,36.081,755.0,2022,7,18,False,False,False,False,False,True,False
2022-07-18,16.069,308.0,22.7,20.9,89.8,15.1,907.0,9.056,501.0,2022,7,18,True,False,False,False,False,True,False
2022-07-19,17.33,383.0,24.7,20.3,77.8,14.6,906.9,34.116,752.0,2022,7,19,False,False,False,False,False,True,False
2022-07-19,11.425,298.0,24.7,20.3,77.8,14.6,906.9,7.529,492.0,2022,7,19,True,False,False,False,False,True,False
2022-07-20,16.597,274.0,24.8,20.1,77.3,13.0,906.7,7.953,488.0,2022,7,20,True,False,False,False,False,True,False
2022-07-20,21.165,391.0,24.8,20.1,77.3,13.0,906.7,33.244,765.0,2022,7,20,False,False,False,False,False,True,False
2022-07-21,6.444,410.0,24.0,20.4,80.8,14.4,906.8,32.56,733.0,2022,7,21,False,False,False,False,False,True,False
2022-07-21,6.807,292.0,24.0,20.4,80.8,14.4,906.8,6.98,510.0,2022,7,21,True,False,False,False,False,True,False
2022-07-22,13.807,286.0,22.8,20.6,87.7,14.6,907.0,7.324,598.0,2022,7,22,True,False,False,False,False,True,False
2022-07-22,20.672,394.0,22.8,20.6,87.7,14.6,907.0,35.473,802.0,2022,7,22,False,False,False,False,False,True,False
2022-07-23,13.312,293.0,22.8,19.9,85.2,17.4,906.5,9.612,560.0,2022,7,23,True,False,False,False,False,True,False
2022-07-23,22.424,382.0,22.8,19.9,85.2,17.4,906.5,35.315,745.0,2022,7,23,False,False,False,False,False,True,False
2022-07-24,15.207,381.0,22.7,20.3,86.7,15.2,907.0,29.807,766.0,2022,7,24,False,False,False,False,False,True,False
2022-07-24,8.799,301.0,22.7,20.3,86.7,15.2,907.0,8.696,519.0,2022,7,24,True,False,False,False,False,True,False
2022-07-25,14.993,394.0,23.5,19.4,78.7,12.4,907.7,25.513,772.0,2022,7,25,False,False,False,False,False,True,False
2022-07-25,10.893,315.0,23.5,19.4,78.7,12.4,907.7,6.367,585.0,2022,7,25,True,False,False,False,False,True,False
2022-07-26,27.274,397.0,23.3,19.9,82.0,9.4,908.0,32.49,755.0,2022,7,26,False,False,False,False,False,True,False
2022-07-26,8.78,321.0,23.3,19.9,82.0,9.4,908.0,5.627,642.0,2022,7,26,True,False,False,False,False,True,False
2022-07-27,28.965,399.0,23.3,21.0,88.0,6.9,907.5,23.948,688.0,2022,7,27,False,False,False,False,False,True,False
2022-07-27,8.145,323.0,23.3,21.0,88.0,6.9,907.5,9.809,677.0,2022,7,27,True,False,False,False,False,True,False
2022-07-28,17.763,404.0,24.5,21.2,83.5,4.3,908.0,23.11,721.0,2022,7,28,False,False,False,False,False,True,False
2022-07-28,10.041,322.0,24.5,21.2,83.5,4.3,908.0,10.962,608.0,2022,7,28,True,False,False,False,False,True,False
2022-07-29,7.585,335.0,25.6,20.9,77.6,5.7,907.4,8.901,608.0,2022,7,29,True,False,False,False,False,True,False
2022-07-29,20.792,409.0,25.6,20.9,77.6,5.7,907.4,16.222,795.0,2022,7,29,False,False,False,False,False,True,False
2022-07-30,5.059,346.0,24.3,20.9,83.0,10.0,906.6,7.908,612.0,2022,7,30,True,False,False,False,False,True,False
2022-07-30,22.463,414.0,24.3,20.9,83.0,10.0,906.6,22.447,805.0,2022,7,30,False,False,False,False,False,True,False
2022-07-31,22.463,414.0,25.0,21.4,81.9,10.6,905.1,22.447,805.0,2022,7,31,False,False,False,False,False,True,False
2022-07-31,5.059,346.0,25.0,21.4,81.9,10.6,905.1,7.908,612.0,2022,7,31,True,False,False,False,False,True,False
2022-08-01,20.721,406.0,24.1,21.0,84.4,14.8,904.6,28.722,810.0,2022,8,1,False,False,False,False,False,True,False
2022-08-01,7.518,354.0,24.1,21.0,84.4,14.8,904.6,10.232,600.0,2022,8,1,True,False,False,False,False,True,False
2022-08-02,7.226,367.0,23.3,20.8,87.3,11.8,903.6,9.855,595.0,2022,8,2,True,False,False,False,False,True,False
2022-08-02,12.993,431.0,23.3,20.8,87.3,11.8,903.6,17.038,728.0,2022,8,2,False,False,False,False,False,True,False
2022-08-03,6.44,376.0,22.5,21.7,95.2,8.3,903.8,10.991,670.0,2022,8,3,True,False,False,False,False,True,False
2022-08-03,10.088,445.0,22.5,21.7,95.2,8.3,903.8,11.864,809.0,2022,8,3,False,False,False,False,False,True,False
2022-08-04,15.635,465.0,21.8,21.2,96.4,12.1,903.9,14.183,802.0,2022,8,4,False,False,False,False,False,True,False
2022-08-04,7.072,375.0,21.8,21.2,96.4,12.1,903.9,7.421,542.0,2022,8,4,True,False,False,False,False,True,False
2022-08-05,24.246,445.0,21.9,20.7,92.9,23.5,904.4,23.172,792.0,2022,8,5,False,False,False,False,False,True,False
2022-08-05,7.897,371.0,21.9,20.7,92.9,23.5,904.4,8.603,520.0,2022,8,5,True,False,False,False,False,True,False
2022-08-06,18.589,452.0,22.4,20.7,90.9,25.1,903.9,32.193,855.0,2022,8,6,False,False,False,False,False,True,False
2022-08-06,7.697,372.0,22.4,20.7,90.9,25.1,903.9,7.919,595.0,2022,8,6,True,False,False,False,False,True,False
2022-08-07,5.571,380.0,22.6,20.8,89.9,25.4,903.1,8.862,515.0,2022,8,7,True,False,False,False,False,True,False
2022-08-07,17.538,452.0,22.6,20.8,89.9,25.4,903.1,34.006,780.0,2022,8,7,False,False,False,False,False,True,False
2022-08-08,10.635,456.0,22.4,20.6,89.9,27.1,903.1,32.918,816.0,2022,8,8,False,False,False,False,False,True,False
2022-08-08,6.289,381.0,22.4,20.6,89.9,27.1,903.1,6.544,532.0,2022,8,8,True,False,False,False,False,True,False
2022-08-09,18.497,461.0,22.8,18.8,79.0,28.2,903.2,22.723,713.0,2022,8,9,False,False,False,False,False,True,False
2022-08-09,7.358,378.0,22.8,18.8,79.0,28.2,903.2,7.167,585.0,2022,8,9,True,False,False,False,False,True,False
2022-08-10,8.293,372.0,23.1,19.1,78.8,27.0,903.5,6.419,590.0,2022,8,10,True,False,False,False,False,True,False
2022-08-10,24.569,452.0,23.1,19.1,78.8,27.0,903.5,25.692,785.0,2022,8,10,False,False,False,False,False,True,False
2022-08-11,22.862,437.0,23.4,19.5,79.5,25.6,905.4,35.291,768.0,2022,8,11,False,False,False,False,False,True,False
2022-08-11,6.1,376.0,23.4,19.5,79.5,25.6,905.4,4.228,600.0,2022,8,11,True,False,False,False,False,True,False
2022-08-12,4.823,382.0,23.4,19.4,79.5,23.4,888.8,5.672,610.0,2022,8,12,True,False,False,False,False,True,False
2022-08-12,21.378,428.0,23.4,19.4,79.5,23.4,888.8,30.553,777.0,2022,8,12,False,False,False,False,False,True,False
2022-08-13,4.951,382.0,23.3,18.9,78.0,22.4,906.8,6.69,575.0,2022,8,13,True,False,False,False,False,True,False
2022-08-13,22.346,432.0,23.3,18.9,78.0,22.4,906.8,34.609,790.0,2022,8,13,False,False,False,False,False,True,False
2022-08-14,7.0,375.0,23.3,19.4,79.6,16.4,907.6,8.033,590.0,2022,8,14,True,False,False,False,False,True,False
2022-08-14,24.57,443.0,23.3,19.4,79.6,16.4,907.6,27.062,822.0,2022,8,14,False,False,False,False,False,True,False
2022-08-16,8.574,365.0,25.0,19.1,72.3,10.0,908.0,6.779,647.0,2022,8,16,True,False,False,False,False,True,False
2022-08-16,30.99,427.0,25.0,19.1,72.3,10.0,908.0,30.843,821.0,2022,8,16,False,False,False,False,False,True,False
2022-08-17,6.714,371.0,25.5,19.5,71.1,10.9,907.8,6.944,660.0,2022,8,17,True,False,False,False,False,True,False
2022-08-17,25.015,428.0,25.5,19.5,71.1,10.9,907.8,43.015,801.0,2022,8,17,False,False,False,False,False,True,False
2022-08-18,15.788,444.0,24.6,20.0,76.5,12.7,907.6,23.591,778.0,2022,8,18,False,False,False,False,False,True,False
2022-08-18,5.037,384.0,24.6,20.0,76.5,12.7,907.6,5.125,650.0,2022,8,18,True,False,False,False,False,True,False
2022-08-19,14.376,456.0,23.9,19.8,78.4,16.3,907.8,24.765,833.0,2022,8,19,False,False,False,False,False,True,False
2022-08-19,5.884,375.0,23.9,19.8,78.4,16.3,907.8,4.37,661.0,2022,8,19,True,False,False,False,False,True,False
2022-08-20,15.994,452.0,24.3,19.5,75.9,17.5,907.3,23.894,809.0,2022,8,20,False,False,False,False,False,True,False
2022-08-20,6.412,374.0,24.3,19.5,75.9,17.5,907.3,4.688,685.0,2022,8,20,True,False,False,False,False,True,False
2022-08-21,7.104,377.0,23.2,20.7,86.8,16.5,906.8,4.182,655.0,2022,8,21,True,False,False,False,False,True,False
2022-08-21,15.539,455.0,23.2,20.7,86.8,16.5,906.8,25.208,803.0,2022,8,21,False,False,False,False,False,True,False
2022-08-22,18.17,447.0,23.3,20.5,86.4,16.6,906.3,27.59,766.0,2022,8,22,False,False,False,False,False,True,False
2022-08-22,5.972,383.0,23.3,20.5,86.4,16.6,906.3,6.002,682.0,2022,8,22,True,False,False,False,False,True,False
2022-08-23,4.832,390.0,24.3,20.1,79.4,16.2,907.0,4.591,681.0,2022,8,23,True,False,False,False,False,True,False
2022-08-23,15.619,456.0,24.3,20.1,79.4,16.2,907.0,20.084,821.0,2022,8,23,False,False,False,False,False,True,False
2022-08-24,3.46,409.0,23.5,20.5,84.7,15.3,908.0,4.065,705.0,2022,8,24,True,False,False,False,False,True,False
2022-08-24,21.95,460.0,23.5,20.5,84.7,15.3,908.0,20.167,850.0,2022,8,24,False,False,False,False,False,True,False
2022-08-25,5.438,410.0,23.6,20.3,83.0,12.5,906.9,4.24,693.0,2022,8,25,True,False,False,False,False,True,False
2022-08-25,20.149,471.0,23.6,20.3,83.0,12.5,906.9,25.722,823.0,2022,8,25,False,False,False,False,False,True,False
2022-08-26,21.836,460.0,22.5,20.9,91.3,7.7,906.7,28.432,808.0,2022,8,26,False,False,False,False,False,True,False
2022-08-26,7.251,399.0,22.5,20.9,91.3,7.7,906.7,6.487,680.0,2022,8,26,True,False,False,False,False,True,False
2022-08-27,15.797,451.0,22.9,20.6,88.5,10.2,906.7,22.87,798.0,2022,8,27,False,False,False,False,False,True,False
2022-08-27,8.192,389.0,22.9,20.6,88.5,10.2,906.7,8.618,661.0,2022,8,27,True,False,False,False,False,True,False
2022-08-28,16.645,466.0,23.5,21.0,86.7,10.0,906.1,17.561,790.0,2022,8,28,False,False,False,False,False,True,False
2022-08-28,5.993,391.0,23.5,21.0,86.7,10.0,906.1,8.135,680.0,2022,8,28,True,False,False,False,False,True,False
2022-08-29,17.071,470.0,22.7,21.6,93.7,6.2,907.3,15.154,692.0,2022,8,29,False,False,False,False,False,True,False
2022-08-29,5.128,402.0,22.7,21.6,93.7,6.2,907.3,3.217,555.0,2022,8,29,True,False,False,False,False,True,False
2022-08-30,19.563,477.0,24.4,21.3,84.5,5.7,907.3,10.79,758.0,2022,8,30,False,False,False,False,False,True,False
2022-08-30,5.283,409.0,24.4,21.3,84.5,5.7,907.3,5.2,595.0,2022,8,30,True,False,False,False,False,True,False
2022-08-31,14.728,479.0,21.9,19.9,82.4,5.7,836.9,16.189,786.0,2022,8,31,False,False,False,False,False,True,False
2022-08-31,7.246,401.0,21.9,19.9,82.4,5.7,836.9,6.318,507.0,2022,8,31,True,False,False,False,False,True,False
2022-09-01,9.836,502.0,22.2,20.8,90.5,7.9,906.7,10.518,791.0,2022,9,1,False,False,False,False,True,False,False
2022-09-01,6.6,401.0,22.2,20.8,90.5,7.9,906.7,2.959,562.0,2022,9,1,True,False,False,False,True,False,False
2022-09-02,12.973,491.0,23.7,20.5,83.7,8.6,907.4,19.773,806.0,2022,9,2,False,False,False,False,True,False,False
2022-09-02,7.175,395.0,23.7,20.5,83.7,8.6,907.4,7.033,592.0,2022,9,2,True,False,False,False,True,False,False
2022-09-03,5.334,398.0,24.8,20.8,80.9,5.6,907.3,7.475,600.0,2022,9,3,True,False,False,False,True,False,False
2022-09-03,9.582,482.0,24.8,20.8,80.9,5.6,907.3,27.147,855.0,2022,9,3,False,False,False,False,True,False,False
2022-09-04,12.119,485.0,24.2,21.2,85.0,7.6,907.1,15.299,762.0,2022,9,4,False,False,False,False,True,False,False
2022-09-04,4.96,406.0,24.2,21.2,85.0,7.6,907.1,6.289,580.0,2022,9,4,True,False,False,False,True,False,False
2022-09-05,17.285,473.0,24.2,20.5,82.8,6.8,906.5,21.87,758.0,2022,9,5,False,False,False,False,True,False,False
2022-09-05,6.772,403.0,24.2,20.5,82.8,6.8,906.5,5.876,565.0,2022,9,5,True,False,False,False,True,False,False
2022-09-06,6.752,394.0,23.9,21.0,85.9,9.7,906.2,5.61,566.0,2022,9,6,True,False,False,False,True,False,False
2022-09-06,24.524,462.0,23.9,21.0,85.9,9.7,906.2,25.622,845.0,2022,9,6,False,False,False,False,True,False,False
2022-09-07,15.879,480.0,22.8,21.1,90.7,10.8,906.7,19.157,836.0,2022,9,7,False,False,False,False,True,False,False
2022-09-07,8.568,379.0,22.8,21.1,90.7,10.8,906.7,4.521,680.0,2022,9,7,True,False,False,False,True,False,False
2022-09-08,12.789,493.0,22.7,21.1,91.3,12.2,905.9,15.377,865.0,2022,9,8,False,False,False,False,True,False,False
2022-09-08,8.94,366.0,22.7,21.1,91.3,12.2,905.9,5.431,635.0,2022,9,8,True,False,False,False,True,False,False
2022-09-09,12.419,356.0,23.4,21.8,90.9,15.6,905.9,3.764,630.0,2022,9,9,True,False,False,False,True,False,False
2022-09-09,17.475,493.0,23.4,21.8,90.9,15.6,905.9,12.043,788.0,2022,9,9,False,False,False,False,True,False,False
2022-09-10,9.543,371.0,23.0,20.4,85.6,19.4,905.8,4.411,680.0,2022,9,10,True,False,False,False,True,False,False
2022-09-10,14.509,477.0,23.0,20.4,85.6,19.4,905.8,21.135,856.0,2022,9,10,False,False,False,False,True,False,False
2022-09-11,15.095,497.0,23.3,19.7,80.8,25.4,905.1,19.428,780.0,2022,9,11,False,False,False,False,True,False,False
2022-09-11,6.253,400.0,23.3,19.7,80.8,25.4,905.1,4.702,692.0,2022,9,11,True,False,False,False,True,False,False
2022-09-12,8.829,405.0,22.9,18.8,78.9,22.8,905.7,5.461,690.0,2022,9,12,True,False,False,False,True,False,False
2022-09-12,15.879,480.0,22.9,18.8,78.9,22.8,905.7,17.572,823.0,2022,9,12,False,False,False,False,True,False,False
2022-09-13,8.197,416.0,22.9,20.6,88.0,17.6,908.0,5.711,681.0,2022,9,13,True,False,False,False,True,False,False
2022-09-13,12.235,501.0,22.9,20.6,88.0,17.6,908.0,21.588,856.0,2022,9,13,False,False,False,False,True,False,False
2022-09-14,15.592,520.0,23.3,20.5,85.3,14.1,909.8,23.631,863.0,2022,9,14,False,False,False,False,True,False,False
2022-09-14,8.742,421.0,23.3,20.5,85.3,14.1,909.8,4.54,691.0,2022,9,14,True,False,False,False,True,False,False
2022-09-15,28.016,523.0,23.1,19.7,82.0,12.8,910.0,23.777,836.0,2022,9,15,False,False,False,False,True,False,False
2022-09-15,7.985,432.0,23.1,19.7,82.0,12.8,910.0,5.079,692.0,2022,9,15,True,False,False,False,True,False,False
2022-09-16,7.924,432.0,23.4,20.0,82.0,15.3,908.3,6.495,666.0,2022,9,16,True,False,False,False,True,False,False
2022-09-16,22.656,510.0,23.4,20.0,82.0,15.3,908.3,23.851,873.0,2022,9,16,False,False,False,False,True,False,False
2022-09-17,7.603,439.0,24.0,20.3,82.0,12.4,908.5,7.536,683.0,2022,9,17,True,False,False,False,True,False,False
2022-09-17,19.747,523.0,24.0,20.3,82.0,12.4,908.5,15.177,878.0,2022,9,17,False,False,False,False,True,False,False
2022-09-18,7.208,433.0,24.4,19.5,76.0,14.6,908.7,7.751,670.0,2022,9,18,True,False,False,False,True,False,False
2022-09-18,24.316,472.0,24.4,19.5,76.0,14.6,908.7,14.869,826.0,2022,9,18,False,False,False,False,True,False,False
2022-09-19,7.611,432.0,23.2,18.8,77.5,13.8,908.5,7.05,670.0,2022,9,19,True,False,False,False,True,False,False
2022-09-19,23.876,496.0,23.2,18.8,77.5,13.8,908.5,19.144,826.0,2022,9,19,False,False,False,False,True,False,False
2022-09-20,30.253,462.0,23.0,17.5,74.3,13.4,908.0,16.941,860.0,2022,9,20,False,False,False,False,True,False,False
2022-09-20,10.585,406.0,23.0,17.5,74.3,13.4,908.0,6.526,677.0,2022,9,20,True,False,False,False,True,False,False
2022-09-21,9.378,409.0,22.7,18.9,78.0,12.8,908.2,11.867,685.0,2022,9,21,True,False,False,False,True,False,False
2022-09-21,24.627,486.0,22.7,18.9,78.0,12.8,908.2,17.247,900.0,2022,9,21,False,False,False,False,True,False,False
2022-09-22,7.334,427.0,23.5,17.4,71.6,16.2,908.7,11.241,680.0,2022,9,22,True,False,False,False,True,False,False
2022-09-22,19.683,466.0,23.5,17.4,71.6,16.2,908.7,27.208,796.0,2022,9,22,False,False,False,False,True,False,False
2022-09-23,14.119,497.0,23.3,17.8,74.5,13.0,909.1,26.741,805.0,2022,9,23,False,False,False,False,True,False,False
2022-09-23,7.617,432.0,23.3,17.8,74.5,13.0,909.1,11.65,670.0,2022,9,23,True,False,False,False,True,False,False
2022-09-24,7.752,432.0,23.4,19.2,79.1,14.9,908.4,9.216,646.0,2022,9,24,True,False,False,False,True,False,False
2022-09-24,21.223,487.0,23.4,19.2,79.1,14.9,908.4,28.698,827.0,2022,9,24,False,False,False,False,True,False,False
2022-09-25,22.162,493.0,24.1,19.0,74.8,11.6,907.6,21.523,769.0,2022,9,25,False,False,False,False,True,False,False
2022-09-25,6.991,436.0,24.1,19.0,74.8,11.6,907.6,6.914,648.0,2022,9,25,True,False,False,False,True,False,False
2022-09-26,9.258,426.0,23.3,20.6,85.6,14.1,908.4,6.945,644.0,2022,9,26,True,False,False,False,True,False,False
2022-09-26,21.258,493.0,23.3,20.6,85.6,14.1,908.4,22.477,782.0,2022,9,26,False,False,False,False,True,False,False
2022-09-27,24.924,470.0,24.4,19.2,73.7,13.9,907.4,16.598,766.0,2022,9,27,False,False,False,False,True,False,False
2022-09-27,11.33,413.0,24.4,19.2,73.7,13.9,907.4,9.325,651.0,2022,9,27,True,False,False,False,True,False,False
2022-09-28,9.716,423.0,23.4,20.5,84.1,13.2,906.6,9.203,630.0,2022,9,28,True,False,False,False,True,False,False
2022-09-28,21.662,484.0,23.4,20.5,84.1,13.2,906.6,15.09,772.0,2022,9,28,False,False,False,False,True,False,False
2022-09-29,18.349,497.0,23.3,19.1,77.8,16.3,906.7,12.441,798.0,2022,9,29,False,False,False,False,True,False,False
2022-09-29,9.693,429.0,23.3,19.1,77.8,16.3,906.7,9.121,650.0,2022,9,29,True,False,False,False,True,False,False
2022-09-30,12.694,405.0,21.6,19.7,90.0,17.6,907.3,6.183,625.0,2022,9,30,True,False,False,False,True,False,False
2022-09-30,18.097,505.0,21.6,19.7,90.0,17.6,907.3,18.049,845.0,2022,9,30,False,False,False,False,True,False,False
2022-10-01,11.43,392.0,20.7,19.9,95.2,16.0,907.6,7.248,625.0,2022,10,1,True,False,False,False,True,False,False
2022-10-01,22.411,480.0,20.7,19.9,95.2,16.0,907.6,17.192,821.0,2022,10,1,False,False,False,False,True,False,False
2022-10-02,19.442,487.0,19.8,18.5,83.4,13.4,820.2,24.926,831.0,2022,10,2,False,False,False,False,True,False,False
2022-10-02,9.454,405.0,19.8,18.5,83.4,13.4,820.2,4.471,622.0,2022,10,2,True,False,False,False,True,False,False
2022-10-03,6.643,424.0,22.6,20.3,87.7,15.1,907.1,5.866,603.0,2022,10,3,True,False,False,False,True,False,False
2022-10-03,11.317,484.0,22.6,20.3,87.7,15.1,907.1,21.702,786.0,2022,10,3,False,False,False,False,True,False,False
2022-10-04,21.608,484.0,23.6,20.5,83.7,16.2,906.9,18.254,788.0,2022,10,4,False,False,False,False,True,False,False
2022-10-04,7.832,434.0,23.6,20.5,83.7,16.2,906.9,3.431,633.0,2022,10,4,True,False,False,False,True,False,False
2022-10-05,31.68,446.0,23.4,20.4,82.7,12.3,906.2,12.113,793.0,2022,10,5,False,False,False,False,True,False,False
2022-10-05,9.565,399.0,23.4,20.4,82.7,12.3,906.2,3.739,622.0,2022,10,5,True,False,False,False,True,False,False
2022-10-06,8.862,389.0,22.0,20.4,91.7,12.5,906.2,7.73,608.0,2022,10,6,True,False,False,False,True,False,False
2022-10-06,28.96,437.0,22.0,20.4,91.7,12.5,906.2,19.682,833.0,2022,10,6,False,False,False,False,True,False,False
2022-10-07,24.392,436.0,22.8,19.5,83.1,13.0,907.4,21.417,809.0,2022,10,7,False,False,False,False,True,False,False
2022-10-07,7.417,391.0,22.8,19.5,83.1,13.0,907.4,10.316,630.0,2022,10,7,True,False,False,False,True,False,False
2022-10-08,13.101,361.0,23.1,19.7,82.5,11.1,908.1,12.135,600.0,2022,10,8,True,False,False,False,True,False,False
2022-10-08,17.166,467.0,23.1,19.7,82.5,11.1,908.1,29.93,813.0,2022,10,8,False,False,False,False,True,False,False
2022-10-09,16.33,322.0,22.8,21.5,93.3,8.7,908.5,6.343,611.0,2022,10,9,True,False,False,False,True,False,False
2022-10-09,25.104,416.0,22.8,21.5,93.3,8.7,908.5,12.142,812.0,2022,10,9,False,False,False,False,True,False,False
2022-10-10,25.868,412.0,23.3,21.9,92.4,7.5,908.9,21.691,839.0,2022,10,10,False,False,False,False,True,False,False
2022-10-10,13.535,298.0,23.3,21.9,92.4,7.5,908.9,10.412,620.0,2022,10,10,True,False,False,False,True,False,False
2022-10-11,11.813,289.0,23.6,21.4,88.5,11.9,908.7,9.222,641.0,2022,10,11,True,False,False,False,True,False,False
2022-10-11,33.68,381.0,23.6,21.4,88.5,11.9,908.7,26.382,850.0,2022,10,11,False,False,False,False,True,False,False
2022-10-12,25.617,378.0,22.7,21.3,92.1,10.7,909.1,21.158,823.0,2022,10,12,False,False,False,False,True,False,False
2022-10-12,12.384,296.0,22.7,21.3,92.1,10.7,909.1,7.651,645.0,2022,10,12,True,False,False,False,True,False,False
2022-10-13,11.914,284.0,23.3,20.5,86.1,7.5,908.8,6.729,638.0,2022,10,13,True,False,False,False,True,False,False
2022-10-13,20.438,386.0,23.3,20.5,86.1,7.5,908.8,22.523,800.0,2022,10,13,False,False,False,False,True,False,False
2022-10-14,19.18,396.0,23.7,21.3,87.5,8.9,907.8,18.238,765.0,2022,10,14,False,False,False,False,True,False,False
2022-10-14,5.741,294.0,23.7,21.3,87.5,8.9,907.8,8.504,619.0,2022,10,14,True,False,False,False,True,False,False
2022-10-15,12.537,409.0,24.1,21.8,88.0,12.3,907.3,24.716,792.0,2022,10,15,False,False,False,False,True,False,False
2022-10-15,4.117,332.0,24.1,21.8,88.0,12.3,907.3,6.479,620.0,2022,10,15,True,False,False,False,True,False,False
2022-10-16,25.88,393.0,23.4,21.3,89.2,9.6,909.6,23.742,801.0,2022,10,16,False,False,False,False,True,False,False
2022-10-16,6.997,342.0,23.4,21.3,89.2,9.6,909.6,6.881,601.0,2022,10,16,True,False,False,False,True,False,False
2022-10-17,9.598,331.0,22.9,20.8,89.2,8.1,910.6,10.927,615.0,2022,10,17,True,False,False,False,True,False,False
2022-10-17,21.612,406.0,22.9,20.8,89.2,8.1,910.6,38.503,811.0,2022,10,17,False,False,False,False,True,False,False
2022-10-18,9.848,321.0,22.4,20.9,91.7,6.3,910.4,6.321,603.0,2022,10,18,True,False,False,False,True,False,False
2022-10-18,28.6,404.0,22.4,20.9,91.7,6.3,910.4,30.339,768.0,2022,10,18,False,False,False,False,True,False,False
2022-10-19,5.64,327.0,23.6,20.3,83.5,10.4,909.7,5.418,640.0,2022,10,19,True,False,False,False,True,False,False
2022-10-19,17.989,449.0,23.6,20.3,83.5,10.4,909.7,24.434,806.0,2022,10,19,False,False,False,False,True,False,False
2022-10-20,6.858,358.0,23.2,20.4,86.2,10.4,910.5,7.036,630.0,2022,10,20,True,False,False,False,True,False,False
2022-10-20,24.795,448.0,23.2,20.4,86.2,10.4,910.5,22.036,855.0,2022,10,20,False,False,False,False,True,False,False
2022-10-21,7.008,362.0,22.4,20.2,88.3,9.7,911.7,9.302,615.0,2022,10,21,True,False,False,False,True,False,False
2022-10-21,30.865,446.0,22.4,20.2,88.3,9.7,911.7,24.855,822.0,2022,10,21,False,False,False,False,True,False,False
2022-10-22,28.806,464.0,23.0,19.1,80.4,10.2,911.6,28.555,823.0,2022,10,22,False,False,False,False,True,False,False
2022-10-22,8.415,352.0,23.0,19.1,80.4,10.2,911.6,9.857,630.0,2022,10,22,True,False,False,False,True,False,False
2022-10-23,24.214,464.0,22.4,13.7,60.1,13.9,910.6,23.025,788.0,2022,10,23,False,False,False,False,True,False,False
2022-10-23,8.242,359.0,22.4,13.7,60.1,13.9,910.6,9.539,577.0,2022,10,23,True,False,False,False,True,False,False
2022-10-24,8.233,383.0,21.9,10.1,49.3,14.3,909.6,9.813,598.0,2022,10,24,True,False,False,False,True,False,False
2022-10-24,21.341,472.0,21.9,10.1,49.3,14.3,909.6,23.884,778.0,2022,10,24,False,False,False,False,True,False,False
2022-10-25,9.353,392.0,22.1,11.2,53.1,7.3,910.6,9.408,630.0,2022,10,25,True,False,False,False,True,False,False
2022-10-25,32.267,465.0,22.1,11.2,53.1,7.3,910.6,16.219,777.0,2022,10,25,False,False,False,False,True,False,False
2022-10-26,11.238,383.0,21.9,12.8,59.9,7.9,911.3,7.63,587.0,2022,10,26,True,False,False,False,True,False,False
2022-10-26,24.896,458.0,21.9,12.8,59.9,7.9,911.3,14.39,836.0,2022,10,26,False,False,False,False,True,False,False
2022-10-27,11.621,394.0,22.1,14.6,66.1,8.4,911.0,7.941,611.0,2022,10,27,True,False,False,False,True,False,False
2022-10-27,25.677,482.0,22.1,14.6,66.1,8.4,911.0,26.134,815.0,2022,10,27,False,False,False,False,True,False,False
2022-10-28,8.861,406.0,21.5,18.1,83.4,14.4,910.1,5.413,674.0,2022,10,28,True,False,False,False,True,False,False
2022-10-28,26.901,478.0,21.5,18.1,83.4,14.4,910.1,17.614,825.0,2022,10,28,False,False,False,False,True,False,False
2022-10-29,20.314,480.0,21.6,19.3,87.8,9.9,910.2,31.14,812.0,2022,10,29,False,False,False,False,True,False,False
2022-10-29,6.522,431.0,21.6,19.3,87.8,9.9,910.2,3.976,650.0,2022,10,29,True,False,False,False,True,False,False
2022-10-30,20.803,469.0,21.9,20.3,91.3,11.9,910.4,22.875,825.0,2022,10,30,False,False,False,False,True,False,False
2022-10-30,5.594,443.0,21.9,20.3,91.3,11.9,910.4,3.61,651.0,2022,10,30,True,False,False,False,True,False,False
2022-10-31,7.277,434.0,23.0,16.1,67.3,14.9,910.1,6.053,650.0,2022,10,31,True,False,False,False,True,False,False
2022-10-31,16.636,485.0,23.0,16.1,67.3,14.9,910.1,23.79,825.0,2022,10,31,False,False,False,False,True,False,False
2022-11-02,16.373,520.0,20.6,19.9,95.6,14.8,910.0,16.752,777.0,2022,11,2,False,False,False,True,False,False,False
2022-11-02,6.212,439.0,20.6,19.9,95.6,14.8,910.0,6.488,666.0,2022,11,2,True,False,False,True,False,False,False
2022-11-03,3.963,469.0,21.6,20.4,93.1,12.3,910.1,4.952,672.0,2022,11,3,True,False,False,True,False,False,False
2022-11-03,10.434,560.0,21.6,20.4,93.1,12.3,910.1,15.706,819.0,2022,11,3,False,False,False,True,False,False,False
2022-11-04,6.803,456.0,22.2,19.9,87.9,11.8,911.2,5.457,680.0,2022,11,4,True,False,False,True,False,False,False
2022-11-04,15.501,561.0,22.2,19.9,87.9,11.8,911.2,18.688,845.0,2022,11,4,False,False,False,True,False,False,False
2022-11-05,19.46,556.0,22.7,19.1,82.3,13.9,912.5,14.121,836.0,2022,11,5,False,False,False,True,False,False,False
2022-11-05,6.833,450.0,22.7,19.1,82.3,13.9,912.5,8.02,665.0,2022,11,5,True,False,False,True,False,False,False
2022-11-06,8.532,433.0,21.6,19.8,90.8,11.8,912.7,7.618,666.0,2022,11,6,True,False,False,True,False,False,False
2022-11-06,15.561,561.0,21.6,19.8,90.8,11.8,912.7,16.458,855.0,2022,11,6,False,False,False,True,False,False,False
2022-11-07,20.214,553.0,21.6,16.1,75.6,9.5,912.2,17.47,865.0,2022,11,7,False,False,False,True,False,False,False
2022-11-07,7.389,446.0,21.6,16.1,75.6,9.5,912.2,8.234,655.0,2022,11,7,True,False,False,True,False,False,False
2022-11-08,25.176,557.0,22.1,16.4,73.3,11.7,911.7,21.286,842.0,2022,11,8,False,False,False,True,False,False,False
2022-11-08,5.695,458.0,22.1,16.4,73.3,11.7,911.7,6.421,660.0,2022,11,8,True,False,False,True,False,False,False
2022-11-09,24.322,562.0,22.0,15.4,70.2,11.4,911.4,19.471,816.0,2022,11,9,False,False,False,True,False,False,False
2022-11-09,4.858,456.0,22.0,15.4,70.2,11.4,911.4,3.451,660.0,2022,11,9,True,False,False,True,False,False,False
2022-11-10,20.669,571.0,21.6,18.6,84.9,14.7,911.0,21.86,839.0,2022,11,10,False,False,False,True,False,False,False
2022-11-10,5.184,480.0,21.6,18.6,84.9,14.7,911.0,5.111,673.0,2022,11,10,True,False,False,True,False,False,False
2022-11-11,21.269,572.0,20.5,18.8,90.0,17.5,910.4,13.735,803.0,2022,11,11,False,False,False,True,False,False,False
2022-11-11,4.784,481.0,20.5,18.8,90.0,17.5,910.4,5.841,669.0,2022,11,11,True,False,False,True,False,False,False
2022-11-12,4.83,466.0,19.8,19.8,99.9,15.8,910.5,7.854,666.0,2022,11,12,True,False,False,True,False,False,False
2022-11-12,22.785,562.0,19.8,19.8,99.9,15.8,910.5,17.72,850.0,2022,11,12,False,False,False,True,False,False,False
2022-11-13,5.774,445.0,21.2,20.2,93.7,13.6,911.2,3.228,656.0,2022,11,13,True,False,False,True,False,False,False
2022-11-13,21.16,538.0,21.2,20.2,93.7,13.6,911.2,11.418,826.0,2022,11,13,False,False,False,True,False,False,False
2022-11-14,5.849,446.0,21.2,19.4,88.4,11.0,911.9,4.325,668.0,2022,11,14,True,False,False,True,False,False,False
2022-11-14,12.71,539.0,21.2,19.4,88.4,11.0,911.9,14.027,831.0,2022,11,14,False,False,False,True,False,False,False
2022-11-15,6.625,459.0,21.5,19.2,88.1,9.6,911.6,5.477,666.0,2022,11,15,True,False,False,True,False,False,False
2022-11-15,14.152,528.0,21.5,19.2,88.1,9.6,911.6,18.409,844.0,2022,11,15,False,False,False,True,False,False,False
2022-11-16,18.66,562.0,21.6,18.6,84.9,9.8,910.7,20.619,855.0,2022,11,16,False,False,False,True,False,False,False
2022-11-16,8.509,433.0,21.6,18.6,84.9,9.8,910.7,5.183,681.0,2022,11,16,True,False,False,True,False,False,False
2022-11-17,18.731,562.0,20.8,13.4,66.2,10.9,910.4,23.567,851.0,2022,11,17,False,False,False,True,False,False,False
2022-11-17,5.266,441.0,20.8,13.4,66.2,10.9,910.4,6.393,660.0,2022,11,17,True,False,False,True,False,False,False
2022-11-18,5.085,430.0,20.4,11.8,62.8,10.2,910.7,8.326,660.0,2022,11,18,True,False,False,True,False,False,False
2022-11-18,19.167,552.0,20.4,11.8,62.8,10.2,910.7,17.984,829.0,2022,11,18,False,False,False,True,False,False,False
2022-11-19,5.909,409.0,19.8,13.4,70.6,12.2,910.0,6.36,680.0,2022,11,19,True,False,False,True,False,False,False
2022-11-19,12.953,541.0,19.8,13.4,70.6,12.2,910.0,23.736,865.0,2022,11,19,False,False,False,True,False,False,False
2022-11-20,21.292,518.0,18.6,13.7,75.4,10.3,909.0,19.737,825.0,2022,11,20,False,False,False,True,False,False,False
2022-11-20,5.54,409.0,18.6,13.7,75.4,10.3,909.0,3.53,690.0,2022,11,20,True,False,False,True,False,False,False
2022-11-21,16.365,510.0,20.5,14.5,71.6,10.0,907.0,14.434,856.0,2022,11,21,False,False,False,True,False,False,False
2022-11-21,6.696,403.0,20.5,14.5,71.6,10.0,907.0,5.446,690.0,2022,11,21,True,False,False,True,False,False,False
2022-11-23,6.324,380.0,21.1,20.7,95.6,10.3,909.4,4.47,689.0,2022,11,23,True,False,False,True,False,False,False
2022-11-23,35.674,478.0,21.1,20.7,95.6,10.3,909.4,22.114,812.0,2022,11,23,False,False,False,True,False,False,False
2022-11-24,6.719,386.0,21.1,20.8,98.3,13.3,910.1,3.701,675.0,2022,11,24,True,False,False,True,False,False,False
2022-11-24,18.267,501.0,21.1,20.8,98.3,13.3,910.1,17.065,826.0,2022,11,24,False,False,False,True,False,False,False
2022-11-25,19.87,496.0,22.6,18.9,82.3,9.7,910.9,9.932,870.0,2022,11,25,False,False,False,True,False,False,False
2022-11-25,6.347,413.0,22.6,18.9,82.3,9.7,910.9,2.925,690.0,2022,11,25,True,False,False,True,False,False,False
2022-11-26,6.328,445.0,22.6,19.0,83.4,8.8,909.8,6.961,708.0,2022,11,26,True,False,False,True,False,False,False
2022-11-26,17.023,521.0,22.6,19.0,83.4,8.8,909.8,18.19,833.0,2022,11,26,False,False,False,True,False,False,False
2022-11-27,5.157,455.0,22.9,19.6,83.8,8.9,908.5,7.761,677.0,2022,11,27,True,False,False,True,False,False,False
2022-11-27,15.817,538.0,22.9,19.6,83.8,8.9,908.5,13.794,861.0,2022,11,27,False,False,False,True,False,False,False
2022-11-28,20.879,521.0,22.5,18.8,81.7,9.1,909.3,19.034,845.0,2022,11,28,False,False,False,True,False,False,False
2022-11-28,4.632,468.0,22.5,18.8,81.7,9.1,909.3,7.664,659.0,2022,11,28,True,False,False,True,False,False,False
2022-11-29,5.569,467.0,21.6,16.5,75.9,10.6,910.1,8.838,675.0,2022,11,29,True,False,False,True,False,False,False
2022-11-29,12.955,533.0,21.6,16.5,75.9,10.6,910.1,25.401,826.0,2022,11,29,False,False,False,True,False,False,False
2022-11-30,10.655,568.0,21.3,14.2,67.9,10.3,910.8,18.329,801.0,2022,11,30,False,False,False,True,False,False,False
2022-11-30,4.233,498.0,21.3,14.2,67.9,10.3,910.8,6.865,675.0,2022,11,30,True,False,False,True,False,False,False
2022-12-01,10.815,587.0,21.0,19.7,92.8,9.8,910.4,20.544,825.0,2022,12,1,False,False,False,True,False,False,False
2022-12-01,7.079,486.0,21.0,19.7,92.8,9.8,910.4,7.208,690.0,2022,12,1,True,False,False,True,False,False,False
2022-12-02,4.876,492.0,22.2,19.5,86.7,10.8,910.2,7.057,708.0,2022,12,2,True,False,False,True,False,False,False
2022-12-02,15.869,608.0,22.2,19.5,86.7,10.8,910.2,17.491,852.0,2022,12,2,False,False,False,True,False,False,False
2022-12-03,15.914,637.0,22.9,19.0,81.0,13.0,910.4,15.11,802.0,2022,12,3,False,False,False,True,False,False,False
2022-12-03,5.22,497.0,22.9,19.0,81.0,13.0,910.4,6.62,698.0,2022,12,3,True,False,False,True,False,False,False
2022-12-04,14.524,631.0,22.0,18.3,82.1,12.6,911.1,16.11,819.0,2022,12,4,False,False,False,True,False,False,False
2022-12-04,5.725,501.0,22.0,18.3,82.1,12.6,911.1,7.02,685.0,2022,12,4,True,False,False,True,False,False,False
2022-12-13,23.343,659.0,19.9,19.9,99.9,13.3,910.4,13.149,833.0,2022,12,13,False,False,False,True,False,False,False
2022-12-13,2.666,592.0,19.9,19.9,99.9,13.3,910.4,4.838,713.0,2022,12,13,True,False,False,True,False,False,False
2022-12-14,15.393,689.0,20.9,19.1,89.8,11.2,911.1,17.979,808.0,2022,12,14,False,False,False,True,False,False,False
2022-12-14,4.003,588.0,20.9,19.1,89.8,11.2,911.1,6.561,701.0,2022,12,14,True,False,False,True,False,False,False
2022-12-15,11.499,759.0,21.0,13.1,67.2,10.5,910.3,18.915,836.0,2022,12,15,False,False,False,True,False,False,False
2022-12-15,3.598,621.0,21.0,13.1,67.2,10.5,910.3,5.951,702.0,2022,12,15,True,False,False,True,False,False,False
2022-12-16,3.867,624.0,21.3,12.0,61.4,12.2,908.0,9.434,675.0,2022,12,16,True,False,False,True,False,False,False
2022-12-16,11.261,778.0,21.3,12.0,61.4,12.2,908.0,16.775,841.0,2022,12,16,False,False,False,True,False,False,False
2022-12-17,3.966,618.0,21.2,16.8,78.8,12.0,910.6,10.922,600.0,2022,12,17,True,False,False,True,False,False,False
2022-12-17,12.802,781.0,21.2,16.8,78.8,12.0,910.6,18.806,866.0,2022,12,17,False,False,False,True,False,False,False
2022-12-18,3.434,651.0,21.5,18.3,84.4,13.4,909.6,7.809,650.0,2022,12,18,True,False,False,True,False,False,False
2022-12-18,13.096,797.0,21.5,18.3,84.4,13.4,909.6,16.464,833.0,2022,12,18,False,False,False,True,False,False,False
2022-12-20,19.05,748.0,21.1,17.3,81.8,10.8,908.9,22.082,836.0,2022,12,20,False,False,False,True,False,False,False
2022-12-20,4.119,654.0,21.1,17.3,81.8,10.8,908.9,7.092,700.0,2022,12,20,True,False,False,True,False,False,False
2022-12-21,4.71,645.0,20.3,13.8,70.8,11.7,909.6,5.285,700.0,2022,12,21,True,False,False,True,False,False,False
2022-12-21,21.174,728.0,20.3,13.8,70.8,11.7,909.6,17.94,843.0,2022,12,21,False,False,False,True,False,False,False
2022-12-22,21.81,735.0,20.1,12.5,67.5,12.5,909.3,26.348,789.0,2022,12,22,False,False,False,True,False,False,False
2022-12-22,3.831,650.0,20.1,12.5,67.5,12.5,909.3,5.362,703.0,2022,12,22,True,False,False,True,False,False,False
2022-12-23,4.071,634.0,20.2,11.4,62.2,11.5,909.4,6.898,695.0,2022,12,23,True,False,False,True,False,False,False
2022-12-23,14.335,746.0,20.2,11.4,62.2,11.5,909.4,17.779,789.0,2022,12,23,False,False,False,True,False,False,False
2022-12-24,4.081,646.0,21.0,16.5,78.3,10.7,909.9,6.185,680.0,2022,12,24,True,False,False,True,False,False,False
2022-12-24,12.623,751.0,21.0,16.5,78.3,10.7,909.9,26.699,773.0,2022,12,24,False,False,False,True,False,False,False
2022-12-25,13.525,742.0,20.9,20.4,96.9,13.4,910.6,14.344,744.0,2022,12,25,False,False,False,True,False,False,False
2022-12-25,3.943,637.0,20.9,20.4,96.9,13.4,910.6,8.171,670.0,2022,12,25,True,False,False,True,False,False,False
2022-12-26,4.25,628.0,21.5,19.3,88.0,14.3,912.1,5.848,672.0,2022,12,26,True,False,False,True,False,False,False
2022-12-26,12.174,729.0,21.5,19.3,88.0,14.3,912.1,20.252,762.0,2022,12,26,False,False,False,True,False,False,False
2022-12-27,4.144,589.0,21.7,20.2,91.6,11.4,913.0,4.731,670.0,2022,12,27,True,False,False,True,False,False,False
2022-12-27,15.834,707.0,21.7,20.2,91.6,11.4,913.0,17.184,748.0,2022,12,27,False,False,False,True,False,False,False
2022-12-28,15.974,653.0,22.1,17.8,79.8,8.9,914.1,12.939,805.0,2022,12,28,False,False,False,True,False,False,False
2022-12-28,5.113,560.0,22.1,17.8,79.8,8.9,914.1,3.818,675.0,2022,12,28,True,False,False,True,False,False,False
2022-12-29,25.534,654.0,21.4,15.4,72.9,9.5,915.0,14.294,815.0,2022,12,29,False,False,False,True,False,False,False
2022-12-29,5.42,552.0,21.4,15.4,72.9,9.5,915.0,2.546,655.0,2022,12,29,True,False,False,True,False,False,False
2022-12-31,4.108,573.0,21.9,12.5,59.7,7.7,914.6,8.373,675.0,2022,12,31,True,False,False,True,False,False,False
2022-12-31,19.68,644.0,21.9,12.5,59.7,7.7,914.6,21.502,789.0,2022,12,31,False,False,False,True,False,False,False
2023-01-01,3.417,577.0,21.1,14.2,70.2,9.0,914.0,7.796,676.0,2023,1,1,True,False,True,False,False,False,False
2023-01-01,21.1,640.0,21.1,14.2,70.2,9.0,914.0,13.015,812.0,2023,1,1,False,False,True,False,False,False,False
2023-01-02,12.93,687.0,20.7,13.8,70.5,9.7,913.9,19.516,875.0,2023,1,2,False,False,True,False,False,False,False
2023-01-02,3.889,592.0,20.7,13.8,70.5,9.7,913.9,6.363,672.0,2023,1,2,True,False,True,False,False,False,False
2023-01-03,20.624,695.0,20.4,15.2,75.8,11.2,914.0,21.659,836.0,2023,1,3,False,False,True,False,False,False,False
2023-01-03,5.698,578.0,20.4,15.2,75.8,11.2,914.0,5.206,666.0,2023,1,3,True,False,True,False,False,False,False
2023-01-04,17.117,674.0,19.9,14.8,76.1,12.3,912.9,32.422,797.0,2023,1,4,False,False,True,False,False,False,False
2023-01-04,6.589,562.0,19.9,14.8,76.1,12.3,912.9,4.775,680.0,2023,1,4,True,False,True,False,False,False,False
2023-01-05,7.767,526.0,19.5,15.3,79.6,12.8,913.8,2.727,672.0,2023,1,5,True,False,True,False,False,False,False
2023-01-05,13.93,665.0,19.5,15.3,79.6,12.8,913.8,21.917,788.0,2023,1,5,False,False,True,False,False,False,False
2023-01-06,11.508,684.0,19.6,15.3,79.6,15.8,914.4,26.543,800.0,2023,1,6,False,False,True,False,False,False,False
2023-01-06,4.819,559.0,19.6,15.3,79.6,15.8,914.4,3.39,700.0,2023,1,6,True,False,True,False,False,False,False
2023-01-07,16.368,664.0,20.2,16.3,80.7,13.3,914.0,18.916,788.0,2023,1,7,False,False,True,False,False,False,False
2023-01-07,6.089,554.0,20.2,16.3,80.7,13.3,914.0,5.575,688.0,2023,1,7,True,False,True,False,False,False,False
2023-01-08,5.39,500.0,19.0,13.5,73.5,9.2,913.0,4.198,680.0,2023,1,8,True,False,True,False,False,False,False
2023-01-08,16.628,610.0,19.0,13.5,73.5,9.2,913.0,12.221,796.0,2023,1,8,False,False,True,False,False,False,False
2023-01-09,10.005,601.0,18.2,8.1,60.1,8.5,913.7,17.512,795.0,2023,1,9,False,False,True,False,False,False,False
2023-01-09,5.284,495.0,18.2,8.1,60.1,8.5,913.7,5.721,692.0,2023,1,9,True,False,True,False,False,False,False
2023-01-10,5.297,479.0,18.5,10.6,69.1,10.3,913.2,7.06,677.0,2023,1,10,True,False,True,False,False,False,False
2023-01-10,20.734,576.0,18.5,10.6,69.1,10.3,913.2,19.055,822.0,2023,1,10,False,False,True,False,False,False,False
2023-01-11,21.549,559.0,19.5,8.3,57.0,10.3,911.6,20.062,800.0,2023,1,11,False,False,True,False,False,False,False
2023-01-11,3.995,480.0,19.5,8.3,57.0,10.3,911.6,5.616,675.0,2023,1,11,True,False,True,False,False,False,False
2023-01-12,5.199,445.0,19.8,7.6,55.3,7.8,910.7,6.222,680.0,2023,1,12,True,False,True,False,False,False,False
2023-01-12,16.634,545.0,19.8,7.6,55.3,7.8,910.7,19.931,800.0,2023,1,12,False,False,True,False,False,False,False
2023-01-13,4.703,464.0,20.2,10.1,61.5,8.3,911.3,4.195,690.0,2023,1,13,True,False,True,False,False,False,False
2023-01-13,15.133,558.0,20.2,10.1,61.5,8.3,911.3,26.475,823.0,2023,1,13,False,False,True,False,False,False,False
2023-01-14,3.97,492.0,19.5,9.2,60.9,8.3,911.0,7.151,666.0,2023,1,14,True,False,True,False,False,False,False
2023-01-14,15.858,593.0,19.5,9.2,60.9,8.3,911.0,25.735,802.0,2023,1,14,False,False,True,False,False,False,False
2023-01-15,3.788,542.0,20.1,8.2,54.8,8.6,910.3,7.616,651.0,2023,1,15,True,False,True,False,False,False,False
2023-01-15,11.809,635.0,20.1,8.2,54.8,8.6,910.3,26.198,782.0,2023,1,15,False,False,True,False,False,False,False
2023-01-16,7.677,661.0,19.4,9.2,61.9,10.2,911.0,26.808,786.0,2023,1,16,False,False,True,False,False,False,False
2023-01-16,2.614,579.0,19.4,9.2,61.9,10.2,911.0,6.718,669.0,2023,1,16,True,False,True,False,False,False,False
2023-01-17,6.336,559.0,20.0,9.1,61.9,10.2,911.8,7.741,680.0,2023,1,17,True,False,True,False,False,False,False
2023-01-17,23.071,609.0,20.0,9.1,61.9,10.2,911.8,22.253,785.0,2023,1,17,False,False,True,False,False,False,False
2023-01-18,5.352,529.0,19.4,12.0,70.9,8.4,913.0,8.108,682.0,2023,1,18,True,False,True,False,False,False,False
2023-01-18,19.537,671.0,19.4,12.0,70.9,8.4,913.0,21.287,785.0,2023,1,18,False,False,True,False,False,False,False
2023-01-19,4.126,641.0,19.6,9.4,62.3,10.7,912.7,5.669,671.0,2023,1,19,True,False,True,False,False,False,False
2023-01-19,17.758,731.0,19.6,9.4,62.3,10.7,912.7,24.088,806.0,2023,1,19,False,False,True,False,False,False,False
2023-01-20,2.773,659.0,19.4,14.2,75.0,11.0,912.6,6.468,691.0,2023,1,20,True,False,True,False,False,False,False
2023-01-20,20.429,748.0,19.4,14.2,75.0,11.0,912.6,23.024,799.0,2023,1,20,False,False,True,False,False,False,False
2023-01-21,19.59,679.0,19.7,14.6,76.1,10.3,911.8,24.669,796.0,2023,1,21,False,False,True,False,False,False,False
2023-01-21,4.231,625.0,19.7,14.6,76.1,10.3,911.8,5.108,690.0,2023,1,21,True,False,True,False,False,False,False
2023-01-22,4.995,588.0,19.7,13.4,72.6,13.1,911.0,6.276,680.0,2023,1,22,True,False,True,False,False,False,False
2023-01-22,14.344,696.0,19.7,13.4,72.6,13.1,911.0,14.904,798.0,2023,1,22,False,False,True,False,False,False,False
2023-01-23,17.573,683.0,19.4,17.3,88.7,11.1,910.7,24.853,825.0,2023,1,23,False,False,True,False,False,False,False
2023-01-23,4.774,585.0,19.4,17.3,88.7,11.1,910.7,5.75,675.0,2023,1,23,True,False,True,False,False,False,False
2023-01-24,26.966,692.0,20.7,15.1,72.8,11.1,910.6,18.526,796.0,2023,1,24,False,False,True,False,False,False,False
2023-01-24,5.168,596.0,20.7,15.1,72.8,11.1,910.6,6.829,685.0,2023,1,24,True,False,True,False,False,False,False
2023-01-25,21.807,716.0,20.2,13.3,71.0,10.9,910.6,21.776,808.0,2023,1,25,False,False,True,False,False,False,False
2023-01-25,5.214,624.0,20.2,13.3,71.0,10.9,910.6,9.157,668.0,2023,1,25,True,False,True,False,False,False,False
2023-01-27,20.7,748.0,20.5,11.2,61.9,10.7,910.5,16.702,833.0,2023,1,27,False,False,True,False,False,False,False
2023-01-27,6.9,622.0,20.5,11.2,61.9,10.7,910.5,9.302,667.0,2023,1,27,True,False,True,False,False,False,False
2023-01-28,4.522,674.0,19.9,9.8,58.4,11.5,910.0,6.141,673.0,2023,1,28,True,False,True,False,False,False,False
2023-01-28,14.904,802.0,19.9,9.8,58.4,11.5,910.0,21.007,825.0,2023,1,28,False,False,True,False,False,False,False
2023-01-29,16.071,834.0,21.0,12.7,66.3,14.2,909.5,23.204,805.0,2023,1,29,False,False,True,False,False,False,False
2023-01-29,3.614,713.0,21.0,12.7,66.3,14.2,909.5,5.188,673.0,2023,1,29,True,False,True,False,False,False,False
2023-01-30,16.071,834.0,21.6,18.0,82.1,12.5,910.5,23.204,805.0,2023,1,30,False,False,True,False,False,False,False
2023-01-30,3.614,713.0,21.6,18.0,82.1,12.5,910.5,5.188,673.0,2023,1,30,True,False,True,False,False,False,False
2023-01-31,14.087,857.0,22.4,13.8,62.1,14.8,910.3,24.347,789.0,2023,1,31,False,False,True,False,False,False,False
2023-01-31,3.469,739.0,22.4,13.8,62.1,14.8,910.3,6.349,666.0,2023,1,31,True,False,True,False,False,False,False
2023-02-01,3.417,577.0,21.1,13.5,64.5,13.7,910.1,4.921,690.0,2023,2,1,True,False,True,False,False,False,False
2023-02-01,21.1,640.0,21.1,13.5,64.5,13.7,910.1,24.532,793.0,2023,2,1,False,False,True,False,False,False,False
2023-02-02,1.742,762.0,20.7,11.4,57.9,14.1,910.5,4.764,682.0,2023,2,2,True,False,True,False,False,False,False
2023-02-02,14.647,868.0,20.7,11.4,57.9,14.1,910.5,16.202,812.0,2023,2,2,False,False,True,False,False,False,False
2023-02-03,2.972,680.0,21.8,13.9,62.3,14.2,910.8,2.707,695.0,2023,2,3,True,False,True,False,False,False,False
2023-02-03,19.39,753.0,21.8,13.9,62.3,14.2,910.8,22.518,789.0,2023,2,3,False,False,True,False,False,False,False
2023-02-04,7.235,520.0,23.1,11.6,53.5,12.8,910.2,4.146,700.0,2023,2,4,True,False,True,False,False,False,False
2023-02-04,25.507,642.0,23.1,11.6,53.5,12.8,910.2,15.525,802.0,2023,2,4,False,False,True,False,False,False,False
2023-02-05,22.395,674.0,22.7,9.9,53.0,10.4,910.1,12.901,801.0,2023,2,5,False,False,True,False,False,False,False
2023-02-05,6.576,542.0,22.7,9.9,53.0,10.4,910.1,3.804,680.0,2023,2,5,True,False,True,False,False,False,False
2023-02-06,10.105,724.0,22.0,10.2,52.9,8.0,910.3,16.194,796.0,2023,2,6,False,False,True,False,False,False,False
2023-02-06,6.573,579.0,22.0,10.2,52.9,8.0,910.3,4.489,680.0,2023,2,6,True,False,True,False,False,False,False
2023-02-07,4.311,617.0,22.7,13.1,59.3,7.5,910.2,4.349,666.0,2023,2,7,True,False,True,False,False,False,False
2023-02-07,18.879,739.0,22.7,13.1,59.3,7.5,910.2,24.273,806.0,2023,2,7,False,False,True,False,False,False,False
2023-02-08,3.14,671.0,22.9,12.9,57.8,10.7,910.3,4.771,669.0,2023,2,8,True,False,True,False,False,False,False
2023-02-08,15.759,795.0,22.9,12.9,57.8,10.7,910.3,28.449,799.0,2023,2,8,False,False,True,False,False,False,False
2023-02-09,1.733,703.0,22.4,11.5,54.8,11.0,911.3,5.603,670.0,2023,2,9,True,False,True,False,False,False,False
2023-02-09,29.223,773.0,22.4,11.5,54.8,11.0,911.3,32.339,796.0,2023,2,9,False,False,True,False,False,False,False
2023-02-10,21.274,790.0,22.2,8.8,49.1,11.0,912.0,20.742,800.0,2023,2,10,False,False,True,False,False,False,False
2023-02-10,2.28,701.0,22.2,8.8,49.1,11.0,912.0,5.824,690.0,2023,2,10,True,False,True,False,False,False,False
2023-02-11,14.752,825.0,22.2,8.0,46.3,10.0,912.2,29.892,783.0,2023,2,11,False,False,True,False,False,False,False
2023-02-11,2.692,701.0,22.2,8.0,46.3,10.0,912.2,6.851,688.0,2023,2,11,True,False,True,False,False,False,False
2023-02-12,17.609,820.0,22.6,7.4,43.2,13.0,912.2,26.519,780.0,2023,2,12,False,False,True,False,False,False,False
2023-02-12,3.531,685.0,22.6,7.4,43.2,13.0,912.2,4.77,666.0,2023,2,12,True,False,True,False,False,False,False
2023-02-13,3.823,710.0,22.5,8.2,43.9,10.9,912.2,5.681,685.0,2023,2,13,True,False,True,False,False,False,False
2023-02-13,14.023,843.0,22.5,8.2,43.9,10.9,912.2,27.327,783.0,2023,2,13,False,False,True,False,False,False,False
2023-02-14,4.047,718.0,22.4,7.8,44.5,9.9,911.6,7.618,666.0,2023,2,14,True,False,True,False,False,False,False
2023-02-14,21.491,836.0,22.4,7.8,44.5,9.9,911.6,24.237,791.0,2023,2,14,False,False,True,False,False,False,False
2023-02-15,16.649,848.0,22.3,8.6,48.9,12.0,910.6,21.369,776.0,2023,2,15,False,False,True,False,False,False,False
2023-02-15,4.259,738.0,22.3,8.6,48.9,12.0,910.6,9.548,650.0,2023,2,15,True,False,True,False,False,False,False
2023-02-16,12.956,878.0,22.3,8.5,48.9,12.4,910.8,36.762,782.0,2023,2,16,False,False,True,False,False,False,False
2023-02-16,4.529,731.0,22.3,8.5,48.9,12.4,910.8,8.148,655.0,2023,2,16,True,False,True,False,False,False,False
2023-02-17,11.996,853.0,22.4,8.3,48.5,11.2,911.2,28.642,766.0,2023,2,17,False,False,True,False,False,False,False
2023-02-17,5.302,717.0,22.4,8.3,48.5,11.2,911.2,7.294,663.0,2023,2,17,True,False,True,False,False,False,False
2023-02-18,5.445,720.0,22.3,10.4,54.1,9.8,911.5,8.41,666.0,2023,2,18,True,False,True,False,False,False,False
2023-02-18,14.503,866.0,22.3,10.4,54.1,9.8,911.5,24.339,759.0,2023,2,18,False,False,True,False,False,False,False
2023-02-19,6.566,710.0,22.3,12.3,60.3,10.3,911.5,5.771,655.0,2023,2,19,True,False,True,False,False,False,False
2023-02-19,15.372,854.0,22.3,12.3,60.3,10.3,911.5,24.23,736.0,2023,2,19,False,False,True,False,False,False,False
2023-02-20,6.383,708.0,22.4,11.2,54.3,9.3,911.8,7.354,658.0,2023,2,20,True,False,True,False,False,False,False
2023-02-20,13.529,848.0,22.4,11.2,54.3,9.3,911.8,23.677,771.0,2023,2,20,False,False,True,False,False,False,False
2023-02-21,6.762,694.0,22.9,10.4,49.5,10.0,912.1,8.066,645.0,2023,2,21,True,False,True,False,False,False,False
2023-02-21,22.263,812.0,22.9,10.4,49.5,10.0,912.1,29.231,720.0,2023,2,21,False,False,True,False,False,False,False
2023-02-22,28.93,732.0,22.8,9.7,49.7,11.8,911.5,25.893,999.0,2023,2,22,False,False,True,False,False,False,False
2023-02-22,10.214,575.0,22.8,9.7,49.7,11.8,911.5,7.333,642.0,2023,2,22,True,False,True,False,False,False,False
2023-02-23,19.048,790.0,22.4,6.1,42.2,11.8,911.3,22.794,990.0,2023,2,23,False,False,True,False,False,False,False
2023-02-23,9.36,607.0,22.4,6.1,42.2,11.8,911.3,7.129,655.0,2023,2,23,True,False,True,False,False,False,False
2023-02-24,15.317,841.0,21.6,6.3,47.7,13.6,912.5,31.515,725.0,2023,2,24,False,False,True,False,False,False,False
2023-02-24,5.579,674.0,21.6,6.3,47.7,13.6,912.5,5.579,725.0,2023,2,24,True,False,True,False,False,False,False
2023-02-25,5.304,713.0,22.9,6.4,41.7,11.6,913.6,4.901,629.0,2023,2,25,True,False,True,False,False,False,False
2023-02-25,10.562,859.0,22.9,6.4,41.7,11.6,913.6,28.056,720.0,2023,2,25,False,False,True,False,False,False,False
2023-02-26,4.002,735.0,22.1,7.3,45.6,12.3,914.5,3.756,680.0,2023,2,26,True,False,True,False,False,False,False
2023-02-26,15.066,873.0,22.1,7.3,45.6,12.3,914.5,37.673,702.0,2023,2,26,False,False,True,False,False,False,False
2023-02-28,18.379,824.0,23.4,11.1,49.0,15.9,914.2,29.162,680.0,2023,2,28,False,False,True,False,False,False,False
2023-02-28,7.244,696.0,23.4,11.1,49.0,15.9,914.2,4.939,598.0,2023,2,28,True,False,True,False,False,False,False
2023-03-01,6.311,699.0,22.4,13.1,59.6,14.2,914.4,4.196,590.0,2023,3,1,True,True,False,False,False,False,False
2023-03-01,24.016,797.0,22.4,13.1,59.6,14.2,914.4,20.991,695.0,2023,3,1,False,True,False,False,False,False,False
2023-03-02,4.763,708.0,21.7,6.6,42.7,16.9,914.9,5.862,580.0,2023,3,2,True,True,False,False,False,False,False
2023-03-02,27.642,783.0,21.7,6.6,42.7,16.9,914.9,26.309,670.0,2023,3,2,False,True,False,False,False,False,False
2023-03-03,29.222,795.0,22.1,5.8,39.5,16.1,915.1,26.703,690.0,2023,3,3,False,True,False,False,False,False,False
2023-03-03,4.998,713.0,22.1,5.8,39.5,16.1,915.1,5.441,611.0,2023,3,3,True,True,False,False,False,False,False
2023-03-04,4.532,629.0,22.9,6.2,40.4,14.7,914.9,10.226,550.0,2023,3,4,True,True,False,False,False,False,False
2023-03-04,27.795,660.0,22.9,6.2,40.4,14.7,914.9,43.343,624.0,2023,3,4,False,True,False,False,False,False,False
2023-03-05,19.324,837.0,23.3,6.6,41.8,15.0,914.3,22.77,683.0,2023,3,5,False,True,False,False,False,False,False
2023-03-05,4.617,726.0,23.3,6.6,41.8,15.0,914.3,6.012,600.0,2023,3,5,True,True,False,False,False,False,False
2023-03-06,4.973,725.0,22.9,5.9,39.5,14.5,913.0,6.175,590.0,2023,3,6,True,True,False,False,False,False,False
2023-03-06,19.808,824.0,22.9,5.9,39.5,14.5,913.0,28.252,675.0,2023,3,6,False,True,False,False,False,False,False
2023-03-07,5.238,725.0,22.7,7.8,46.0,14.4,912.6,8.278,559.0,2023,3,7,True,True,False,False,False,False,False
2023-03-07,13.932,875.0,22.7,7.8,46.0,14.4,912.6,24.2,652.0,2023,3,7,False,True,False,False,False,False,False
2023-03-08,12.906,885.0,22.4,9.2,48.5,16.7,912.4,21.338,656.0,2023,3,8,False,True,False,False,False,False,False
2023-03-08,5.405,732.0,22.4,9.2,48.5,16.7,912.4,6.36,555.0,2023,3,8,True,True,False,False,False,False,False
2023-03-09,17.633,877.0,22.2,9.0,48.4,11.4,912.0,29.682,635.0,2023,3,9,False,True,False,False,False,False,False
2023-03-09,3.365,739.0,22.2,9.0,48.4,11.4,912.0,7.148,558.0,2023,3,9,True,True,False,False,False,False,False
2023-03-10,3.379,749.0,22.2,8.5,48.7,13.8,911.5,5.556,537.0,2023,3,10,True,True,False,False,False,False,False
2023-03-10,17.998,883.0,22.2,8.5,48.7,13.8,911.5,22.197,642.0,2023,3,10,False,True,False,False,False,False,False
2023-03-11,4.236,741.0,22.8,9.5,50.3,12.3,911.7,4.958,541.0,2023,3,11,True,True,False,False,False,False,False
2023-03-11,15.511,875.0,22.8,9.5,50.3,12.3,911.7,22.628,645.0,2023,3,11,False,True,False,False,False,False,False
2023-03-12,20.202,847.0,23.2,12.7,57.2,13.8,909.5,19.188,655.0,2023,3,12,False,True,False,False,False,False,False
2023-03-12,5.509,729.0,23.2,12.7,57.2,13.8,909.5,5.441,556.0,2023,3,12,True,True,False,False,False,False,False
2023-03-13,25.47,827.0,24.3,12.7,53.8,10.9,910.2,21.03,689.0,2023,3,13,False,True,False,False,False,False,False
2023-03-13,7.124,702.0,24.3,12.7,53.8,10.9,910.2,6.675,560.0,2023,3,13,True,True,False,False,False,False,False
2023-03-14,27.89,813.0,24.8,10.6,46.5,8.9,908.9,23.225,680.0,2023,3,14,False,True,False,False,False,False,False
2023-03-14,8.081,672.0,24.8,10.6,46.5,8.9,908.9,6.826,555.0,2023,3,14,True,True,False,False,False,False,False
2023-03-15,29.08,807.0,25.5,13.1,54.0,10.9,908.5,22.56,686.0,2023,3,15,False,True,False,False,False,False,False
2023-03-15,7.267,661.0,25.5,13.1,54.0,10.9,908.5,5.944,592.0,2023,3,15,True,True,False,False,False,False,False
2023-03-16,29.641,821.0,23.8,17.4,71.2,11.7,909.6,31.412,687.0,2023,3,16,False,True,False,False,False,False,False
2023-03-16,4.154,705.0,23.8,17.4,71.2,11.7,909.6,8.346,573.0,2023,3,16,True,True,False,False,False,False,False
2023-03-17,24.197,815.0,23.6,18.1,73.5,10.6,909.4,26.202,693.0,2023,3,17,False,True,False,False,False,False,False
2023-03-17,5.274,722.0,23.6,18.1,73.5,10.6,909.4,8.382,569.0,2023,3,17,True,True,False,False,False,False,False
2023-03-18,5.757,709.0,24.1,18.5,73.0,12.2,908.7,12.802,565.0,2023,3,18,True,True,False,False,False,False,False
2023-03-18,22.954,802.0,24.1,18.5,73.0,12.2,908.7,30.499,698.0,2023,3,18,False,True,False,False,False,False,False
2023-03-19,19.728,809.0,25.1,15.6,59.3,12.7,908.0,28.983,696.0,2023,3,19,False,True,False,False,False,False,False
2023-03-19,6.036,710.0,25.1,15.6,59.3,12.7,908.0,10.515,601.0,2023,3,19,True,True,False,False,False,False,False
2023-03-21,6.697,708.0,24.2,10.1,45.0,8.9,908.0,10.65,548.0,2023,3,21,True,True,False,False,False,False,False
2023-03-21,24.94,821.0,24.2,10.1,45.0,8.9,908.0,42.939,678.0,2023,3,21,False,True,False,False,False,False,False
2023-03-22,17.732,850.0,26.2,16.2,59.2,7.0,908.3,30.213,690.0,2023,3,22,False,True,False,False,False,False,False
2023-03-22,6.765,702.0,26.2,16.2,59.2,7.0,908.3,6.353,536.0,2023,3,22,True,True,False,False,False,False,False
2023-03-23,24.201,824.0,26.2,14.2,52.4,8.9,908.5,22.654,666.0,2023,3,23,False,True,False,False,False,False,False
2023-03-23,7.032,705.0,26.2,14.2,52.4,8.9,908.5,3.063,550.0,2023,3,23,True,True,False,False,False,False,False
2023-03-24,7.942,688.0,26.3,15.4,55.0,9.1,908.9,6.566,570.0,2023,3,24,True,True,False,False,False,False,False
2023-03-24,33.154,776.0,26.3,15.4,55.0,9.1,908.9,25.422,676.0,2023,3,24,False,True,False,False,False,False,False
2023-03-25,31.126,770.0,26.6,17.9,60.5,10.6,909.7,36.942,681.0,2023,3,25,False,True,False,False,False,False,False
2023-03-25,7.896,674.0,26.6,17.9,60.5,10.6,909.7,7.386,555.0,2023,3,25,True,True,False,False,False,False,False
2023-03-26,26.664,729.0,26.7,16.8,57.3,9.4,909.1,36.791,666.0,2023,3,26,False,True,False,False,False,False,False
2023-03-26,11.508,621.0,26.7,16.8,57.3,9.4,909.1,6.964,575.0,2023,3,26,True,True,False,False,False,False,False
2023-03-27,14.029,495.0,26.6,11.0,42.3,10.3,909.2,4.22,571.0,2023,3,27,True,True,False,False,False,False,False
2023-03-27,25.244,694.0,26.6,11.0,42.3,10.3,909.2,31.506,646.0,2023,3,27,False,True,False,False,False,False,False
2023-03-28,13.823,496.0,27.4,13.4,48.3,8.3,909.3,3.943,596.0,2023,3,28,True,True,False,False,False,False,False
2023-03-28,22.758,697.0,27.4,13.4,48.3,8.3,909.3,27.483,663.0,2023,3,28,False,True,False,False,False,False,False
2023-03-29,32.471,681.0,26.8,17.4,59.1,10.6,909.9,23.755,680.0,2023,3,29,False,True,False,False,False,False,False
2023-03-29,10.642,525.0,26.8,17.4,59.1,10.6,909.9,4.849,615.0,2023,3,29,True,True,False,False,False,False,False
2023-03-30,29.987,672.0,26.1,16.6,58.6,12.1,909.2,31.299,651.0,2023,3,30,False,True,False,False,False,False,False
2023-03-30,12.242,530.0,26.1,16.6,58.6,12.1,909.2,4.557,579.0,2023,3,30,True,True,False,False,False,False,False
2023-03-31,29.943,670.0,27.0,16.3,56.3,11.0,908.5,28.911,669.0,2023,3,31,False,True,False,False,False,False,False
2023-03-31,11.124,537.0,27.0,16.3,56.3,11.0,908.5,6.321,570.0,2023,3,31,True,True,False,False,False,False,False
2023-04-01,28.722,568.0,26.6,17.1,59.3,8.4,908.5,32.881,60.0,2023,4,1,False,True,False,False,False,False,False
2023-04-01,10.232,478.0,26.6,17.1,59.3,8.4,908.5,9.692,520.0,2023,4,1,True,True,False,False,False,False,False
2023-04-02,23.037,660.0,26.5,15.8,55.7,8.1,908.2,26.257,653.0,2023,4,2,False,True,False,False,False,False,False
2023-04-02,4.996,570.0,26.5,15.8,55.7,8.1,908.2,4.186,575.0,2023,4,2,True,True,False,False,False,False,False
2023-04-03,1.99,608.0,27.3,16.4,56.1,8.8,908.4,8.447,578.0,2023,4,3,True,True,False,False,False,False,False
2023-04-03,23.463,638.0,27.3,16.4,56.1,8.8,908.4,45.634,640.0,2023,4,3,False,True,False,False,False,False,False
2023-04-04,27.795,660.0,24.4,19.2,74.7,10.4,909.6,43.343,624.0,2023,4,4,False,True,False,False,False,False,False
2023-04-04,4.532,629.0,24.4,19.2,74.7,10.4,909.6,10.226,550.0,2023,4,4,True,True,False,False,False,False,False
2023-04-05,35.03,659.0,26.7,16.6,57.0,8.2,909.2,28.953,635.0,2023,4,5,False,True,False,False,False,False,False
2023-04-05,6.931,624.0,26.7,16.6,57.0,8.2,909.2,7.516,552.0,2023,4,5,True,True,False,False,False,False,False
2023-04-06,4.232,646.0,26.6,16.6,56.9,9.7,909.5,8.369,555.0,2023,4,6,True,True,False,False,False,False,False
2023-04-06,41.409,668.0,26.6,16.6,56.9,9.7,909.5,35.627,625.0,2023,4,6,False,True,False,False,False,False,False
2023-04-07,44.863,604.0,25.8,16.4,59.7,9.7,911.1,31.869,631.0,2023,4,7,False,True,False,False,False,False,False
2023-04-07,3.928,648.0,25.8,16.4,59.7,9.7,911.1,9.673,550.0,2023,4,7,True,True,False,False,False,False,False
2023-04-08,6.141,614.0,25.6,14.1,54.6,15.1,912.3,8.41,535.0,2023,4,8,True,True,False,False,False,False,False
2023-04-08,41.015,621.0,25.6,14.1,54.6,15.1,912.3,28.853,645.0,2023,4,8,False,True,False,False,False,False,False
2023-04-09,43.902,588.0,25.5,14.8,57.7,11.8,912.1,26.531,875.0,2023,4,9,False,True,False,False,False,False,False
2023-04-09,6.75,567.0,25.5,14.8,57.7,11.8,912.1,7.886,550.0,2023,4,9,True,True,False,False,False,False,False
2023-04-10,26.616,604.0,25.7,15.2,56.9,13.2,911.2,33.158,635.0,2023,4,10,False,True,False,False,False,False,False
2023-04-10,8.142,554.0,25.7,15.2,56.9,13.2,911.2,10.84,560.0,2023,4,10,True,True,False,False,False,False,False
2023-04-11,29.334,626.0,26.2,10.4,43.8,10.4,911.5,44.695,628.0,2023,4,11,False,True,False,False,False,False,False
2023-04-11,8.801,568.0,26.2,10.4,43.8,10.4,911.5,9.539,547.0,2023,4,11,True,True,False,False,False,False,False
2023-04-12,7.947,582.0,27.0,7.8,35.4,11.0,911.0,9.228,540.0,2023,4,12,True,True,False,False,False,False,False
2023-04-12,21.304,648.0,27.0,7.8,35.4,11.0,911.0,43.633,610.0,2023,4,12,False,True,False,False,False,False,False
2023-04-13,18.698,707.0,28.0,8.3,32.4,12.5,910.6,44.605,621.0,2023,4,13,False,True,False,False,False,False,False
2023-04-13,6.436,608.0,28.0,8.3,32.4,12.5,910.6,7.635,535.0,2023,4,13,True,True,False,False,False,False,False
2023-04-14,4.986,634.0,27.5,8.3,33.5,11.1,910.3,6.62,532.0,2023,4,14,True,True,False,False,False,False,False
2023-04-14,20.436,676.0,27.5,8.3,33.5,11.1,910.3,33.545,613.0,2023,4,14,False,True,False,False,False,False,False
2023-04-16,32.542,664.0,27.0,7.5,34.6,11.2,908.7,23.794,646.0,2023,4,16,False,True,False,False,False,False,False
2023-04-16,5.825,637.0,27.0,7.5,34.6,11.2,908.7,3.638,565.0,2023,4,16,True,True,False,False,False,False,False
2023-04-17,27.659,682.0,27.0,8.9,35.7,11.9,909.2,21.311,655.0,2023,4,17,False,True,False,False,False,False,False
2023-04-17,4.404,637.0,27.0,8.9,35.7,11.9,909.2,6.41,575.0,2023,4,17,True,True,False,False,False,False,False
2023-04-18,29.071,670.0,27.5,10.2,37.7,9.7,909.8,23.408,628.0,2023,4,18,False,True,False,False,False,False,False
2023-04-18,5.564,614.0,27.5,10.2,37.7,9.7,909.8,7.988,565.0,2023,4,18,True,True,False,False,False,False,False
2023-04-19,5.811,612.0,28.3,12.2,40.8,8.0,907.5,7.988,565.0,2023,4,19,True,True,False,False,False,False,False
2023-04-19,32.234,662.0,28.3,12.2,40.8,8.0,907.5,23.408,628.0,2023,4,19,False,True,False,False,False,False,False
2023-04-20,5.144,630.0,28.7,15.6,49.2,10.1,906.0,8.257,526.0,2023,4,20,True,True,False,False,False,False,False
2023-04-20,29.283,661.0,28.7,15.6,49.2,10.1,906.0,24.541,652.0,2023,4,20,False,True,False,False,False,False,False
2023-04-21,22.695,667.0,25.1,18.1,66.2,13.8,906.6,27.305,645.0,2023,4,21,False,True,False,False,False,False,False
2023-04-21,6.16,628.0,25.1,18.1,66.2,13.8,906.6,7.724,515.0,2023,4,21,True,True,False,False,False,False,False
2023-04-22,14.75,713.0,26.0,17.7,61.8,7.7,906.8,11.608,592.0,2023,4,22,False,True,False,False,False,False,False
2023-04-22,6.327,632.0,26.0,17.7,61.8,7.7,906.8,2.849,498.0,2023,4,22,True,True,False,False,False,False,False
2023-04-23,5.959,631.0,27.2,16.7,56.7,11.6,907.1,6.2,518.0,2023,4,23,True,True,False,False,False,False,False
2023-04-23,23.94,692.0,27.2,16.7,56.7,11.6,907.1,25.711,615.0,2023,4,23,False,True,False,False,False,False,False
2023-04-24,5.109,637.0,27.1,18.4,61.7,13.2,907.9,7.785,508.0,2023,4,24,True,True,False,False,False,False,False
2023-04-24,19.77,712.0,27.1,18.4,61.7,13.2,907.9,30.97,611.0,2023,4,24,False,True,False,False,False,False,False
2023-04-25,7.204,626.0,26.7,18.0,61.4,12.1,908.6,9.199,539.0,2023,4,25,True,True,False,False,False,False,False
2023-04-25,18.2,740.0,26.7,18.0,61.4,12.1,908.6,40.393,602.0,2023,4,25,False,True,False,False,False,False,False
2023-04-26,19.699,731.0,27.1,17.0,57.1,10.3,908.4,37.399,598.0,2023,4,26,False,True,False,False,False,False,False
2023-04-26,6.22,639.0,27.1,17.0,57.1,10.3,908.4,11.766,538.0,2023,4,26,True,True,False,False,False,False,False
2023-04-27,19.235,750.0,26.9,17.1,57.9,13.1,908.7,34.165,578.0,2023,4,27,False,True,False,False,False,False,False
2023-04-27,6.637,642.0,26.9,17.1,57.9,13.1,908.7,8.943,526.0,2023,4,27,True,True,False,False,False,False,False
2023-04-28,21.462,694.0,27.1,17.7,58.8,12.1,908.9,31.005,596.0,2023,4,28,False,True,False,False,False,False,False
2023-04-28,8.284,618.0,27.1,17.7,58.8,12.1,908.9,9.729,512.0,2023,4,28,True,True,False,False,False,False,False
2023-04-29,18.135,695.0,25.0,19.8,73.9,10.9,908.3,31.288,630.0,2023,4,29,False,True,False,False,False,False,False
2023-04-29,10.759,597.0,25.0,19.8,73.9,10.9,908.3,8.599,507.0,2023,4,29,True,True,False,False,False,False,False
2023-04-30,17.432,637.0,28.0,17.7,54.7,13.9,906.7,33.871,596.0,2023,4,30,False,True,False,False,False,False,False
2023-04-30,13.474,535.0,28.0,17.7,54.7,13.9,906.7,6.465,500.0,2023,4,30,True,True,False,False,False,False,False
2023-05-01,13.171,477.0,24.1,19.2,76.5,12.0,907.4,8.296,455.0,2023,5,1,True,False,False,False,False,False,True
2023-05-01,19.794,625.0,24.1,19.2,76.5,12.0,907.4,24.068,707.0,2023,5,1,False,False,False,False,False,False,True
2023-05-02,8.597,470.0,24.6,19.9,77.0,10.7,908.0,10.279,462.0,2023,5,2,True,False,False,False,False,False,True
2023-05-02,27.62,595.0,24.6,19.9,77.0,10.7,908.0,17.374,617.0,2023,5,2,False,False,False,False,False,False,True
2023-05-03,13.05,548.0,24.5,19.8,76.3,9.9,908.7,18.539,638.0,2023,5,3,False,False,False,False,False,False,True
2023-05-03,4.119,470.0,24.5,19.8,76.3,9.9,908.7,7.651,500.0,2023,5,3,True,False,False,False,False,False,True
2023-05-04,38.698,559.0,24.3,19.5,75.8,8.5,908.0,27.735,618.0,2023,5,4,False,False,False,False,False,False,True
2023-05-04,10.949,438.0,24.3,19.5,75.8,8.5,908.0,6.464,503.0,2023,5,4,True,False,False,False,False,False,True
2023-05-05,47.193,527.0,24.2,19.7,76.8,10.7,907.5,32.252,612.0,2023,5,5,False,False,False,False,False,False,True
2023-05-05,9.97,393.0,24.2,19.7,76.8,10.7,907.5,6.298,508.0,2023,5,5,True,False,False,False,False,False,True
2023-05-06,13.325,386.0,23.4,21.0,87.0,13.4,907.6,10.058,490.0,2023,5,6,True,False,False,False,False,False,True
2023-05-06,27.551,545.0,23.4,21.0,87.0,13.4,907.6,46.565,602.0,2023,5,6,False,False,False,False,False,False,True
2023-05-07,30.359,532.0,24.0,20.2,80.7,14.2,907.7,30.946,600.0,2023,5,7,False,False,False,False,False,False,True
2023-05-07,18.388,369.0,24.0,20.2,80.7,14.2,907.7,11.021,433.0,2023,5,7,True,False,False,False,False,False,True
2023-05-08,24.43,547.0,24.4,20.4,79.1,10.4,907.2,24.483,605.0,2023,5,8,False,False,False,False,False,False,True
2023-05-08,12.387,397.0,24.4,20.4,79.1,10.4,907.2,10.365,450.0,2023,5,8,True,False,False,False,False,False,True
2023-05-09,27.349,498.0,26.2,20.5,72.5,9.9,907.3,26.753,670.0,2023,5,9,False,False,False,False,False,False,True
2023-05-09,10.626,404.0,26.2,20.5,72.5,9.9,907.3,14.4,412.0,2023,5,9,True,False,False,False,False,False,True
2023-05-11,10.653,317.0,26.6,18.8,65.8,12.8,907.9,12.65,450.0,2023,5,11,True,False,False,False,False,False,True
2023-05-11,27.297,426.0,26.6,18.8,65.8,12.8,907.9,37.248,572.0,2023,5,11,False,False,False,False,False,False,True
2023-05-12,22.278,425.0,26.6,19.3,66.3,10.7,908.3,42.645,582.0,2023,5,12,False,False,False,False,False,False,True
2023-05-12,10.123,324.0,26.6,19.3,66.3,10.7,908.3,15.375,400.0,2023,5,12,True,False,False,False,False,False,True
2023-05-13,8.78,348.0,25.9,21.1,76.3,18.9,908.6,12.107,395.0,2023,5,13,True,False,False,False,False,False,True
2023-05-13,19.713,439.0,25.9,21.1,76.3,18.9,908.6,17.801,580.0,2023,5,13,False,False,False,False,False,False,True
2023-05-14,10.809,350.0,27.2,19.6,64.7,16.9,908.0,15.641,547.0,2023,5,14,True,False,False,False,False,False,True
2023-05-14,32.036,470.0,27.2,19.6,64.7,16.9,908.0,33.039,569.0,2023,5,14,False,False,False,False,False,False,True
2023-05-15,10.424,329.0,27.3,18.6,61.4,14.3,908.5,18.699,400.0,2023,5,15,True,False,False,False,False,False,True
2023-05-15,31.676,443.0,27.3,18.6,61.4,14.3,908.5,46.617,593.0,2023,5,15,False,False,False,False,False,False,True
2023-05-16,41.276,419.0,27.9,18.4,58.5,10.2,909.4,45.416,680.0,2023,5,16,False,False,False,False,False,False,True
2023-05-16,6.362,376.0,27.9,18.4,58.5,10.2,909.4,13.284,442.0,2023,5,16,True,False,False,False,False,False,True
2023-05-17,26.948,438.0,30.4,15.0,41.4,8.0,909.5,34.252,569.0,2023,5,17,False,False,False,False,False,False,True
2023-05-17,7.521,363.0,30.4,15.0,41.4,8.0,909.5,12.595,420.0,2023,5,17,True,False,False,False,False,False,True
2023-05-18,22.622,502.0,29.1,16.7,51.2,11.6,910.3,30.492,561.0,2023,5,18,False,False,False,False,False,False,True
2023-05-18,6.71,394.0,29.1,16.7,51.2,11.6,910.3,12.044,470.0,2023,5,18,True,False,False,False,False,False,True
2023-05-19,6.068,407.0,29.0,17.0,52.4,11.3,908.9,13.667,470.0,2023,5,19,True,False,False,False,False,False,True
2023-05-19,16.64,498.0,29.0,17.0,52.4,11.3,908.9,22.145,680.0,2023,5,19,False,False,False,False,False,False,True
2023-05-20,17.255,570.0,27.0,18.3,60.7,12.7,908.8,37.624,566.0,2023,5,20,False,False,False,False,False,False,True
2023-05-20,5.377,408.0,27.0,18.3,60.7,12.7,908.8,13.206,450.0,2023,5,20,True,False,False,False,False,False,True
2023-05-21,11.488,398.0,24.6,19.5,74.7,15.3,909.6,13.34,425.0,2023,5,21,True,False,False,False,False,False,True
2023-05-21,20.963,550.0,24.6,19.5,74.7,15.3,909.6,30.97,546.0,2023,5,21,False,False,False,False,False,False,True
2023-05-22,10.666,363.0,25.9,19.1,68.8,9.7,910.4,12.51,460.0,2023,5,22,True,False,False,False,False,False,True
2023-05-22,19.124,549.0,25.9,19.1,68.8,9.7,910.4,27.483,532.0,2023,5,22,False,False,False,False,False,False,True
2023-05-23,9.33,370.0,26.6,18.3,62.0,10.3,910.4,12.222,433.0,2023,5,23,True,False,False,False,False,False,True
2023-05-23,26.472,526.0,26.6,18.3,62.0,10.3,910.4,33.829,568.0,2023,5,23,False,False,False,False,False,False,True
2023-05-24,7.844,408.0,25.5,18.9,68.5,15.8,910.3,11.319,431.0,2023,5,24,True,False,False,False,False,False,True
2023-05-24,28.416,517.0,25.5,18.9,68.5,15.8,910.3,31.11,550.0,2023,5,24,False,False,False,False,False,False,True
2023-05-25,5.045,499.0,24.9,19.8,74.4,13.2,910.7,10.169,500.0,2023,5,25,True,False,False,False,False,False,True
2023-05-25,25.854,555.0,24.9,19.8,74.4,13.2,910.7,31.64,533.0,2023,5,25,False,False,False,False,False,False,True
2023-05-26,28.423,573.0,26.5,18.1,62.8,16.0,910.7,27.463,533.0,2023,5,26,False,False,False,False,False,False,True
2023-05-26,6.663,508.0,26.5,18.1,62.8,16.0,910.7,9.6,450.0,2023,5,26,True,False,False,False,False,False,True
2023-05-27,10.406,484.0,26.9,18.8,62.8,14.1,909.1,10.906,470.0,2023,5,27,True,False,False,False,False,False,True
2023-05-27,26.016,595.0,26.9,18.8,62.8,14.1,909.1,27.728,742.0,2023,5,27,False,False,False,False,False,False,True
2023-05-28,12.534,486.0,27.2,17.6,57.8,12.6,908.4,10.494,456.0,2023,5,28,True,False,False,False,False,False,True
2023-05-28,22.778,641.0,27.2,17.6,57.8,12.6,908.4,22.779,552.0,2023,5,28,False,False,False,False,False,False,True
2023-05-29,9.548,497.0,26.4,19.2,66.1,9.5,908.7,12.65,468.0,2023,5,29,True,False,False,False,False,False,True
2023-05-29,19.543,666.0,26.4,19.2,66.1,9.5,908.7,18.734,556.0,2023,5,29,False,False,False,False,False,False,True
2023-05-30,7.384,529.0,23.9,20.0,80.7,13.9,909.4,9.551,476.0,2023,5,30,True,False,False,False,False,False,True
2023-05-30,20.277,687.0,23.9,20.0,80.7,13.9,909.4,18.25,599.0,2023,5,30,False,False,False,False,False,False,True
2023-05-31,26.125,682.0,27.2,19.6,64.9,10.2,908.6,31.034,605.0,2023,5,31,False,False,False,False,False,False,True
2023-05-31,12.074,506.0,27.2,19.6,64.9,10.2,908.6,7.548,465.0,2023,5,31,True,False,False,False,False,False,True
2023-06-01,10.335,533.0,25.9,20.3,71.8,16.6,908.3,6.678,480.0,2023,6,1,True,False,False,False,False,False,True
2023-06-01,23.656,677.0,25.9,20.3,71.8,16.6,908.3,40.844,586.0,2023,6,1,False,False,False,False,False,False,True
2023-06-02,24.852,693.0,26.0,19.4,68.9,15.5,908.6,21.856,566.0,2023,6,2,False,False,False,False,False,False,True
2023-06-02,11.159,547.0,26.0,19.4,68.9,15.5,908.6,5.534,431.0,2023,6,2,True,False,False,False,False,False,True
2023-06-03,7.951,572.0,27.0,19.8,66.8,15.0,904.6,10.0,470.0,2023,6,3,True,False,False,False,False,False,True
2023-06-03,16.799,685.0,27.0,19.8,66.8,15.0,904.6,20.252,603.0,2023,6,3,False,False,False,False,False,False,True
2023-06-04,32.031,680.0,25.8,19.1,67.3,15.6,908.4,20.432,596.0,2023,6,4,False,False,False,False,False,False,True
2023-06-04,11.252,550.0,25.8,19.1,67.3,15.6,908.4,7.048,430.0,2023,6,4,True,False,False,False,False,False,True
2023-06-05,34.386,633.0,27.1,19.4,64.4,19.4,907.7,11.297,690.0,2023,6,5,False,False,False,False,False,False,True
2023-06-05,10.876,524.0,27.1,19.4,64.4,19.4,907.7,8.489,451.0,2023,6,5,True,False,False,False,False,False,True
2023-06-06,11.303,527.0,26.9,19.3,64.4,17.7,907.1,7.291,485.0,2023,6,6,True,False,False,False,False,False,True
2023-06-06,25.954,648.0,26.9,19.3,64.4,17.7,907.1,24.357,655.0,2023,6,6,False,False,False,False,False,False,True
2023-06-07,11.931,525.0,25.9,18.9,66.8,18.0,907.6,6.57,498.0,2023,6,7,True,False,False,False,False,False,True
2023-06-07,23.581,656.0,25.9,18.9,66.8,18.0,907.6,30.86,646.0,2023,6,7,False,False,False,False,False,False,True
2023-06-08,19.283,678.0,26.0,19.8,70.2,20.4,907.4,32.761,926.0,2023,6,8,False,False,False,False,False,False,True
2023-06-08,10.23,540.0,26.0,19.8,70.2,20.4,907.4,6.158,462.0,2023,6,8,True,False,False,False,False,False,True
2023-06-09,9.586,528.0,25.9,19.4,69.2,19.6,906.5,7.382,470.0,2023,6,9,True,False,False,False,False,False,True
2023-06-09,23.552,650.0,25.9,19.4,69.2,19.6,906.5,23.104,631.0,2023,6,9,False,False,False,False,False,False,True
2023-06-10,9.581,541.0,25.1,18.6,68.4,22.6,906.3,8.65,480.0,2023,6,10,True,False,False,False,False,False,True
2023-06-10,18.45,657.0,25.1,18.6,68.4,22.6,906.3,27.918,606.0,2023,6,10,False,False,False,False,False,False,True
2023-06-11,12.598,532.0,25.0,19.2,71.5,20.3,906.3,7.642,483.0,2023,6,11,True,False,False,False,False,False,True
2023-06-11,28.453,642.0,25.0,19.2,71.5,20.3,906.3,27.927,700.0,2023,6,11,False,False,False,False,False,False,True
2023-06-12,16.286,679.0,25.3,19.5,72.2,16.4,906.1,22.93,611.0,2023,6,12,False,False,False,False,False,False,True
2023-06-12,11.61,520.0,25.3,19.5,72.2,16.4,906.1,7.248,455.0,2023,6,12,True,False,False,False,False,False,True
2023-06-13,10.707,523.0,25.5,19.4,70.6,18.6,907.0,9.739,480.0,2023,6,13,True,False,False,False,False,False,True
2023-06-13,23.279,654.0,25.5,19.4,70.6,18.6,907.0,15.509,629.0,2023,6,13,False,False,False,False,False,False,True
2023-06-14,27.038,621.0,25.8,19.0,68.2,18.5,908.2,25.342,626.0,2023,6,14,False,False,False,False,False,False,True
2023-06-14,10.2,532.0,25.8,19.0,68.2,18.5,908.2,7.79,508.0,2023,6,14,True,False,False,False,False,False,True
2023-06-15,28.447,587.0,26.5,18.6,64.3,17.7,908.1,23.321,610.0,2023,6,15,False,False,False,False,False,False,True
2023-06-15,7.98,529.0,26.5,18.6,64.3,17.7,908.1,6.901,520.0,2023,6,15,True,False,False,False,False,False,True
2023-06-16,30.159,588.0,26.3,18.6,65.3,20.3,907.4,23.271,622.0,2023,6,16,False,False,False,False,False,False,True
2023-06-16,5.659,533.0,26.3,18.6,65.3,20.3,907.4,9.952,505.0,2023,6,16,True,False,False,False,False,False,True
2023-06-17,4.991,533.0,26.1,19.3,67.3,17.9,907.7,12.94,520.0,2023,6,17,True,False,False,False,False,False,True
2023-06-17,22.817,619.0,26.1,19.3,67.3,17.9,907.7,32.18,665.0,2023,6,17,False,False,False,False,False,False,True
2023-06-18,25.006,641.0,24.7,19.2,72.4,18.6,907.3,21.711,632.0,2023,6,18,False,False,False,False,False,False,True
2023-06-18,4.782,562.0,24.7,19.2,72.4,18.6,907.3,10.43,472.0,2023,6,18,True,False,False,False,False,False,True
2023-06-19,14.416,646.0,24.7,19.9,75.7,15.1,906.1,27.238,630.0,2023,6,19,False,False,False,False,False,False,True
2023-06-19,6.854,535.0,24.7,19.9,75.7,15.1,906.1,12.978,485.0,2023,6,19,True,False,False,False,False,False,True
2023-06-20,26.122,648.0,23.1,20.7,86.2,12.1,906.3,28.473,636.0,2023,6,20,False,False,False,False,False,False,True
2023-06-20,9.039,513.0,23.1,20.7,86.2,12.1,906.3,11.745,489.0,2023,6,20,True,False,False,False,False,False,True
2023-06-21,10.179,492.0,23.3,20.3,83.5,14.2,906.9,8.506,446.0,2023,6,21,True,False,False,False,False,False,True
2023-06-21,20.453,648.0,23.3,20.3,83.5,14.2,906.9,18.206,619.0,2023,6,21,False,False,False,False,False,False,True
2023-06-22,20.362,637.0,25.0,20.3,77.1,13.2,906.7,28.808,596.0,2023,6,22,False,False,False,False,False,False,True
2023-06-22,9.0,508.0,25.0,20.3,77.1,13.2,906.7,8.662,435.0,2023,6,22,True,False,False,False,False,False,True
2023-06-23,23.28,621.0,24.2,19.9,77.8,17.1,906.8,31.259,555.0,2023,6,23,False,False,False,False,False,False,True
2023-06-23,8.961,490.0,24.2,19.9,77.8,17.1,906.8,13.188,470.0,2023,6,23,True,False,False,False,False,False,True
2023-06-24,19.756,639.0,23.6,18.9,75.3,21.4,906.5,31.671,559.0,2023,6,24,False,False,False,False,False,False,True
2023-06-24,5.427,504.0,23.6,18.9,75.3,21.4,906.5,15.35,425.0,2023,6,24,True,False,False,False,False,False,True
2023-06-25,8.514,506.0,24.2,19.9,78.4,18.4,906.4,7.386,555.0,2023,6,25,True,False,False,False,False,False,True
2023-06-25,21.991,648.0,24.2,19.9,78.4,18.4,906.4,36.942,681.0,2023,6,25,False,False,False,False,False,False,True
2023-06-26,15.753,648.0,23.8,19.2,75.9,18.0,907.1,18.749,555.0,2023,6,26,False,False,False,False,False,False,True
2023-06-26,9.234,501.0,23.8,19.2,75.9,18.0,907.1,14.741,408.0,2023,6,26,True,False,False,False,False,False,True
2023-06-27,17.526,658.0,24.0,18.8,73.6,18.4,907.6,24.488,538.0,2023,6,27,False,False,False,False,False,False,True
2023-06-27,13.418,500.0,24.0,18.8,73.6,18.4,907.6,10.687,400.0,2023,6,27,True,False,False,False,False,False,True
2023-06-28,22.335,649.0,24.1,19.3,75.1,19.9,908.4,32.406,533.0,2023,6,28,False,False,False,False,False,False,True
2023-06-28,11.668,512.0,24.1,19.3,75.1,19.9,908.4,7.835,390.0,2023,6,28,True,False,False,False,False,False,True
2023-06-29,10.849,522.0,23.3,18.9,76.9,20.2,908.9,3.012,386.0,2023,6,29,True,False,False,False,False,False,True
2023-06-29,24.214,637.0,23.3,18.9,76.9,20.2,908.9,6.796,486.0,2023,6,29,False,False,False,False,False,False,True
2023-06-30,11.861,514.0,25.7,19.2,68.2,20.9,908.2,7.563,445.0,2023,6,30,True,False,False,False,False,False,True
2023-06-30,28.422,628.0,25.7,19.2,68.2,20.9,908.2,21.036,521.0,2023,6,30,False,False,False,False,False,False,True
2023-07-01,14.722,485.0,25.3,19.4,71.1,17.9,908.5,10.516,455.0,2023,7,1,True,False,False,False,False,True,False
2023-07-01,24.727,635.0,25.3,19.4,71.1,17.9,908.5,22.114,568.0,2023,7,1,False,False,False,False,False,True,False
2023-07-02,22.815,643.0,23.4,19.9,81.0,18.7,907.6,16.713,522.0,2023,7,2,False,False,False,False,False,True,False
2023-07-02,15.934,483.0,23.4,19.9,81.0,18.7,907.6,14.142,432.0,2023,7,2,True,False,False,False,False,True,False
2023-07-04,13.982,488.0,22.9,19.3,80.5,22.1,904.2,12.277,385.0,2023,7,4,True,False,False,False,False,True,False
2023-07-04,24.022,660.0,22.9,19.3,80.5,22.1,904.2,29.826,536.0,2023,7,4,False,False,False,False,False,True,False
2023-07-05,15.363,476.0,22.8,18.7,78.2,22.0,903.9,11.504,412.0,2023,7,5,True,False,False,False,False,True,False
2023-07-05,28.047,633.0,22.8,18.7,78.2,22.0,903.9,27.5,523.0,2023,7,5,False,False,False,False,False,True,False
2023-07-06,25.939,619.0,22.9,19.0,79.2,24.7,906.4,27.38,538.0,2023,7,6,False,False,False,False,False,True,False
2023-07-06,14.042,473.0,22.9,19.0,79.2,24.7,906.4,11.308,401.0,2023,7,6,True,False,False,False,False,True,False
2023-07-07,12.146,433.0,23.0,19.5,81.0,21.0,908.0,13.129,391.0,2023,7,7,True,False,False,False,False,True,False
2023-07-07,31.764,576.0,23.0,19.5,81.0,21.0,908.0,31.495,562.0,2023,7,7,False,False,False,False,False,True,False
2023-07-08,18.722,333.0,22.7,19.2,80.5,17.5,908.7,14.068,409.0,2023,7,8,True,False,False,False,False,True,False
2023-07-08,26.432,560.0,22.7,19.2,80.5,17.5,908.7,27.482,557.0,2023,7,8,False,False,False,False,False,True,False
2023-07-09,25.245,515.0,24.0,20.0,79.1,17.3,908.3,26.765,745.0,2023,7,9,False,False,False,False,False,True,False
2023-07-09,11.635,313.0,24.0,20.0,79.1,17.3,908.3,12.224,409.0,2023,7,9,True,False,False,False,False,True,False
2023-07-10,4.792,308.0,23.2,20.4,84.9,15.6,907.7,10.993,420.0,2023,7,10,True,False,False,False,False,True,False
2023-07-10,6.125,443.0,23.2,20.4,84.9,15.6,907.7,26.548,579.0,2023,7,10,False,False,False,False,False,True,False
2023-07-11,30.922,456.0,22.8,19.9,84.0,17.9,907.4,27.466,542.0,2023,7,11,False,False,False,False,False,True,False
2023-07-11,7.671,309.0,22.8,19.9,84.0,17.9,907.4,13.062,436.0,2023,7,11,True,False,False,False,False,True,False
2023-07-12,10.762,323.0,23.4,19.8,80.9,15.3,907.0,13.271,450.0,2023,7,12,True,False,False,False,False,True,False
2023-07-12,24.321,497.0,23.4,19.8,80.9,15.3,907.0,23.886,606.0,2023,7,12,False,False,False,False,False,True,False
2023-07-13,27.303,484.0,22.8,19.8,83.3,16.4,907.5,26.126,573.0,2023,7,13,False,False,False,False,False,True,False
2023-07-13,14.231,331.0,22.8,19.8,83.3,16.4,907.5,15.098,439.0,2023,7,13,True,False,False,False,False,True,False
2023-07-14,21.819,468.0,23.0,19.4,80.9,18.1,908.6,21.201,592.0,2023,7,14,False,False,False,False,False,True,False
2023-07-14,15.237,318.0,23.0,19.4,80.9,18.1,908.6,20.135,439.0,2023,7,14,True,False,False,False,False,True,False
2023-07-15,20.379,475.0,24.0,19.8,79.1,19.3,908.2,45.148,791.0,2023,7,15,False,False,False,False,False,True,False
2023-07-15,11.01,344.0,24.0,19.8,79.1,19.3,908.2,18.509,425.0,2023,7,15,True,False,False,False,False,True,False
2023-07-16,19.817,524.0,23.4,19.7,79.9,17.4,907.6,39.098,572.0,2023,7,16,False,False,False,False,False,True,False
2023-07-16,9.539,389.0,23.4,19.7,79.9,17.4,907.6,15.504,439.0,2023,7,16,True,False,False,False,False,True,False
2023-07-17,9.233,413.0,23.7,19.2,76.5,20.2,907.0,13.361,445.0,2023,7,17,True,False,False,False,False,True,False
2023-07-17,24.391,504.0,23.7,19.2,76.5,20.2,907.0,39.817,555.0,2023,7,17,False,False,False,False,False,True,False
2023-07-18,9.056,411.0,24.2,18.0,69.4,25.1,905.9,11.214,465.0,2023,7,18,True,False,False,False,False,True,False
2023-07-18,36.081,487.0,24.2,18.0,69.4,25.1,905.9,29.433,589.0,2023,7,18,False,False,False,False,False,True,False
2023-07-19,34.116,483.0,23.2,18.5,75.2,25.9,904.8,37.344,590.0,2023,7,19,False,False,False,False,False,True,False
2023-07-19,7.529,426.0,23.2,18.5,75.2,25.9,904.8,12.214,446.0,2023,7,19,True,False,False,False,False,True,False
2023-07-20,7.953,421.0,23.7,18.1,71.3,27.5,905.0,13.133,470.0,2023,7,20,True,False,False,False,False,True,False
2023-07-20,33.244,507.0,23.7,18.1,71.3,27.5,905.0,37.56,588.0,2023,7,20,False,False,False,False,False,True,False
2023-07-21,6.98,449.0,23.5,18.8,75.6,28.5,906.0,13.709,471.0,2023,7,21,True,False,False,False,False,True,False
2023-07-21,32.56,520.0,23.5,18.8,75.6,28.5,906.0,28.898,586.0,2023,7,21,False,False,False,False,False,True,False
2023-07-22,7.324,446.0,22.8,19.3,81.1,23.6,907.2,13.61,470.0,2023,7,22,True,False,False,False,False,True,False
2023-07-22,35.473,483.0,22.8,19.3,81.1,23.6,907.2,28.675,582.0,2023,7,22,False,False,False,False,False,True,False
2023-07-23,35.315,466.0,22.3,19.7,85.4,22.8,907.4,22.592,588.0,2023,7,23,False,False,False,False,False,True,False
2023-07-23,9.612,418.0,22.3,19.7,85.4,22.8,907.4,10.008,450.0,2023,7,23,True,False,False,False,False,True,False
2023-07-24,29.807,451.0,21.9,19.9,88.6,23.6,906.8,30.434,580.0,2023,7,24,False,False,False,False,False,True,False
2023-07-24,8.696,418.0,21.9,19.9,88.6,23.6,906.8,10.986,459.0,2023,7,24,True,False,False,False,False,True,False
2023-07-25,25.513,492.0,21.5,19.8,90.5,22.6,907.3,34.932,598.0,2023,7,25,False,False,False,False,False,True,False
2023-07-25,6.367,463.0,21.5,19.8,90.5,22.6,907.3,8.033,455.0,2023,7,25,True,False,False,False,False,True,False
2023-07-26,32.49,497.0,21.7,19.5,87.3,24.3,907.8,32.64,612.0,2023,7,26,False,False,False,False,False,True,False
2023-07-26,5.627,499.0,21.7,19.5,87.3,24.3,907.8,6.925,462.0,2023,7,26,True,False,False,False,False,True,False
2023-07-27,23.948,521.0,22.6,18.6,78.3,23.3,908.2,34.274,593.0,2023,7,27,False,False,False,False,False,True,False
2023-07-27,9.809,447.0,22.6,18.6,78.3,23.3,908.2,7.318,488.0,2023,7,27,True,False,False,False,False,True,False
2023-07-28,10.962,426.0,23.0,18.7,77.2,22.8,908.0,11.381,433.0,2023,7,28,True,False,False,False,False,True,False
2023-07-28,23.11,502.0,23.0,18.7,77.2,22.8,908.0,29.497,603.0,2023,7,28,False,False,False,False,False,True,False
2023-07-29,16.222,574.0,22.6,18.7,79.3,22.6,908.6,20.251,605.0,2023,7,29,False,False,False,False,False,True,False
2023-07-29,8.901,458.0,22.6,18.7,79.3,22.6,908.6,12.195,455.0,2023,7,29,True,False,False,False,False,True,False
2023-07-30,22.447,564.0,23.8,18.6,73.5,21.2,907.9,41.346,590.0,2023,7,30,False,False,False,False,False,True,False
2023-07-30,7.908,494.0,23.8,18.6,73.5,21.2,907.9,10.059,415.0,2023,7,30,True,False,False,False,False,True,False
2023-07-31,7.483,485.0,24.9,19.0,70.4,21.5,907.7,9.458,480.0,2023,7,31,True,False,False,False,False,True,False
2023-07-31,20.668,585.0,24.9,19.0,70.4,21.5,907.7,36.719,562.0,2023,7,31,False,False,False,False,False,True,False
2023-08-01,10.232,478.0,23.5,18.6,75.1,22.7,907.9,9.692,520.0,2023,8,1,True,False,False,False,False,True,False
2023-08-01,28.722,568.0,23.5,18.6,75.1,22.7,907.9,32.881,60.0,2023,8,1,False,False,False,False,False,True,False
2023-08-02,9.855,485.0,24.4,17.8,68.5,23.7,908.3,6.893,525.0,2023,8,2,True,False,False,False,False,True,False
2023-08-02,17.038,569.0,24.4,17.8,68.5,23.7,908.3,35.075,649.0,2023,8,2,False,False,False,False,False,True,False
2023-08-03,10.991,491.0,23.9,17.8,69.8,23.4,908.2,9.108,510.0,2023,8,3,True,False,False,False,False,True,False
2023-08-03,11.864,624.0,23.9,17.8,69.8,23.4,908.2,32.624,648.0,2023,8,3,False,False,False,False,False,True,False
2023-08-04,7.421,449.0,24.1,18.6,72.1,19.5,909.7,6.567,519.0,2023,8,4,True,False,False,False,False,True,False
2023-08-04,14.183,607.0,24.1,18.6,72.1,19.5,909.7,31.681,645.0,2023,8,4,False,False,False,False,False,True,False
2023-08-05,23.172,534.0,23.9,19.4,77.0,17.4,910.8,41.582,610.0,2023,8,5,False,False,False,False,False,True,False
2023-08-05,8.603,383.0,23.9,19.4,77.0,17.4,910.8,7.249,521.0,2023,8,5,True,False,False,False,False,True,False
2023-08-06,32.193,480.0,23.5,19.6,79.1,16.9,909.4,37.732,611.0,2023,8,6,False,False,False,False,False,True,False
2023-08-06,7.919,402.0,23.5,19.6,79.1,16.9,909.4,8.681,508.0,2023,8,6,True,False,False,False,False,True,False
2023-08-07,8.862,376.0,24.2,18.8,73.3,16.6,908.3,9.322,531.0,2023,8,7,True,False,False,False,False,True,False
2023-08-07,34.006,457.0,24.2,18.8,73.3,16.6,908.3,41.999,625.0,2023,8,7,False,False,False,False,False,True,False
2023-08-08,6.544,371.0,23.7,19.1,76.7,14.6,908.8,8.729,572.0,2023,8,8,True,False,False,False,False,True,False
2023-08-08,32.918,439.0,23.7,19.1,76.7,14.6,908.8,33.94,635.0,2023,8,8,False,False,False,False,False,True,False
2023-08-09,22.723,497.0,24.8,18.5,69.3,14.5,909.8,34.603,633.0,2023,8,9,False,False,False,False,False,True,False
2023-08-09,7.167,376.0,24.8,18.5,69.3,14.5,909.8,6.092,585.0,2023,8,9,True,False,False,False,False,True,False
2023-08-10,25.692,499.0,24.8,19.2,72.2,12.6,910.0,31.264,655.0,2023,8,10,False,False,False,False,False,True,False
2023-08-10,6.419,398.0,24.8,19.2,72.2,12.6,910.0,7.089,582.0,2023,8,10,True,False,False,False,False,True,False
2023-08-11,35.291,497.0,25.2,19.4,71.2,11.7,909.2,28.078,635.0,2023,8,11,False,False,False,False,False,True,False
2023-08-11,4.228,450.0,25.2,19.4,71.2,11.7,909.2,7.375,575.0,2023,8,11,True,False,False,False,False,True,False
2023-08-12,5.672,484.0,24.6,18.6,70.2,14.8,909.0,11.634,553.0,2023,8,12,True,False,False,False,False,True,False
2023-08-12,30.553,520.0,24.6,18.6,70.2,14.8,909.0,30.11,903.0,2023,8,12,False,False,False,False,False,True,False
2023-08-13,34.609,555.0,24.8,18.1,68.1,14.8,908.5,30.833,656.0,2023,8,13,False,False,False,False,False,True,False
2023-08-13,6.69,489.0,24.8,18.1,68.1,14.8,908.5,7.614,568.0,2023,8,13,True,False,False,False,False,True,False
2023-08-14,8.033,497.0,25.0,17.1,63.1,12.5,908.9,7.352,562.0,2023,8,14,True,False,False,False,False,True,False
2023-08-14,27.062,567.0,25.0,17.1,63.1,12.5,908.9,24.812,688.0,2023,8,14,False,False,False,False,False,True,False
2023-08-16,6.779,537.0,25.3,17.8,65.0,13.9,909.0,6.146,576.0,2023,8,16,True,False,False,False,False,True,False
2023-08-16,30.843,579.0,25.3,17.8,65.0,13.9,909.0,22.094,686.0,2023,8,16,False,False,False,False,False,True,False
2023-08-17,6.944,551.0,24.6,18.0,67.8,18.2,908.9,6.37,601.0,2023,8,17,True,False,False,False,False,True,False
2023-08-17,43.015,563.0,24.6,18.0,67.8,18.2,908.9,25.476,692.0,2023,8,17,False,False,False,False,False,True,False
2023-08-18,23.591,599.0,23.8,18.3,73.2,19.8,907.7,25.278,692.0,2023,8,18,False,False,False,False,False,True,False
2023-08-18,5.125,571.0,23.8,18.3,73.2,19.8,907.7,7.594,576.0,2023,8,18,True,False,False,False,False,True,False
2023-08-19,4.37,577.0,22.3,19.2,83.2,19.4,907.4,7.601,558.0,2023,8,19,True,False,False,False,False,True,False
2023-08-19,24.765,613.0,22.3,19.2,83.2,19.4,907.4,29.509,670.0,2023,8,19,False,False,False,False,False,True,False
2023-08-20,23.894,633.0,24.1,18.2,71.2,15.7,907.4,23.83,666.0,2023,8,20,False,False,False,False,False,True,False
2023-08-20,4.688,598.0,24.1,18.2,71.2,15.7,907.4,6.426,535.0,2023,8,20,True,False,False,False,False,True,False
2023-08-21,25.208,626.0,24.8,18.0,67.5,13.8,907.3,17.372,688.0,2023,8,21,False,False,False,False,False,True,False
2023-08-21,4.182,586.0,24.8,18.0,67.5,13.8,907.3,5.776,556.0,2023,8,21,True,False,False,False,False,True,False
2023-08-22,27.59,625.0,25.5,18.7,67.3,11.6,907.4,17.225,703.0,2023,8,22,False,False,False,False,False,True,False
2023-08-22,6.002,562.0,25.5,18.7,67.3,11.6,907.4,5.095,582.0,2023,8,22,True,False,False,False,False,True,False
2023-08-23,4.591,571.0,25.5,18.0,65.1,13.8,907.6,5.834,595.0,2023,8,23,True,False,False,False,False,True,False
2023-08-23,20.084,657.0,25.5,18.0,65.1,13.8,907.6,24.389,706.0,2023,8,23,False,False,False,False,False,True,False
2023-08-24,4.065,578.0,24.4,16.9,64.9,14.3,907.5,6.27,585.0,2023,8,24,True,False,False,False,False,True,False
2023-08-24,20.167,645.0,24.4,16.9,64.9,14.3,907.5,36.357,680.0,2023,8,24,False,False,False,False,False,True,False
2023-08-25,25.722,624.0,25.3,16.9,62.3,12.9,907.8,39.694,701.0,2023,8,25,False,False,False,False,False,True,False
2023-08-25,4.24,570.0,25.3,16.9,62.3,12.9,907.8,8.906,580.0,2023,8,25,True,False,False,False,False,True,False
2023-08-26,28.432,608.0,25.5,19.1,68.9,14.0,908.6,21.077,669.0,2023,8,26,False,False,False,False,False,True,False
2023-08-26,6.487,550.0,25.5,19.1,68.9,14.0,908.6,7.227,575.0,2023,8,26,True,False,False,False,False,True,False
2023-08-27,22.87,575.0,25.7,18.0,64.0,13.2,908.9,28.825,670.0,2023,8,27,False,False,False,False,False,True,False
2023-08-27,8.618,498.0,25.7,18.0,64.0,13.2,908.9,7.155,571.0,2023,8,27,True,False,False,False,False,True,False
2023-08-28,17.561,609.0,26.5,16.6,56.3,14.7,908.2,20.712,666.0,2023,8,28,False,False,False,False,False,True,False
2023-08-28,8.135,476.0,26.5,16.6,56.3,14.7,908.2,7.774,497.0,2023,8,28,True,False,False,False,False,True,False
2023-08-29,15.154,505.0,25.6,17.2,61.4,12.9,907.9,15.173,706.0,2023,8,29,False,False,False,False,False,True,False
2023-08-29,3.217,392.0,25.6,17.2,61.4,12.9,907.9,7.905,573.0,2023,8,29,True,False,False,False,False,True,False
2023-08-30,5.2,415.0,25.8,17.9,63.2,12.8,908.0,6.475,572.0,2023,8,30,True,False,False,False,False,True,False
2023-08-30,10.79,571.0,25.8,17.9,63.2,12.8,908.0,16.639,695.0,2023,8,30,False,False,False,False,False,True,False
2023-08-31,16.189,583.0,24.9,19.4,72.8,12.9,908.1,15.729,701.0,2023,8,31,False,False,False,False,False,True,False
2023-08-31,6.318,428.0,24.9,19.4,72.8,12.9,908.1,8.098,556.0,2023,8,31,True,False,False,False,False,True,False
2023-09-01,2.959,468.0,24.5,20.1,77.4,10.5,908.1,8.008,563.0,2023,9,1,True,False,False,False,True,False,False
2023-09-01,10.518,612.0,24.5,20.1,77.4,10.5,908.1,21.944,679.0,2023,9,1,False,False,False,False,True,False,False
2023-09-02,7.033,459.0,24.0,20.3,80.3,14.2,907.8,7.171,555.0,2023,9,2,True,False,False,False,True,False,False
2023-09-02,19.773,579.0,24.0,20.3,80.3,14.2,907.8,27.536,680.0,2023,9,2,False,False,False,False,True,False,False
2023-09-03,27.147,575.0,23.8,18.7,73.3,15.5,906.5,18.037,673.0,2023,9,3,False,False,False,False,True,False,False
2023-09-03,7.475,461.0,23.8,18.7,73.3,15.5,906.5,5.593,536.0,2023,9,3,True,False,False,False,True,False,False
2023-09-04,15.299,613.0,22.0,19.0,83.2,20.5,905.8,33.015,660.0,2023,9,4,False,False,False,False,True,False,False
2023-09-04,6.289,467.0,22.0,19.0,83.2,20.5,905.8,7.786,546.0,2023,9,4,True,False,False,False,True,False,False
2023-09-05,5.876,483.0,21.9,19.3,85.7,17.1,905.7,6.292,545.0,2023,9,5,True,False,False,False,True,False,False
2023-09-05,21.87,588.0,21.9,19.3,85.7,17.1,905.7,23.899,686.0,2023,9,5,False,False,False,False,True,False,False
2023-09-06,5.61,483.0,23.4,19.7,80.3,17.0,906.3,6.489,553.0,2023,9,6,True,False,False,False,True,False,False
2023-09-06,25.622,572.0,23.4,19.7,80.3,17.0,906.3,24.296,672.0,2023,9,6,False,False,False,False,True,False,False
2023-09-07,4.521,531.0,24.4,19.5,75.0,19.7,906.8,8.095,523.0,2023,9,7,True,False,False,False,True,False,False
2023-09-07,19.157,582.0,24.4,19.5,75.0,19.7,906.8,20.102,677.0,2023,9,7,False,False,False,False,True,False,False
2023-09-08,15.377,588.0,22.1,19.0,82.9,19.9,907.9,17.336,658.0,2023,9,8,False,False,False,False,True,False,False
2023-09-08,5.431,537.0,22.1,19.0,82.9,19.9,907.9,9.433,502.0,2023,9,8,True,False,False,False,True,False,False
2023-09-09,12.043,623.0,24.6,19.0,72.3,19.9,907.1,19.584,665.0,2023,9,9,False,False,False,False,True,False,False
2023-09-09,3.764,549.0,24.6,19.0,72.3,19.9,907.1,7.246,550.0,2023,9,9,True,False,False,False,True,False,False
2023-09-10,21.135,625.0,24.2,18.8,72.9,17.8,907.0,16.148,668.0,2023,9,10,False,False,False,False,True,False,False
2023-09-10,4.411,555.0,24.2,18.8,72.9,17.8,907.0,7.422,523.0,2023,9,10,True,False,False,False,True,False,False
2023-09-11,4.702,555.0,23.8,18.8,74.3,18.3,907.3,8.905,551.0,2023,9,11,True,False,False,False,True,False,False
2023-09-11,19.428,622.0,23.8,18.8,74.3,18.3,907.3,18.13,672.0,2023,9,11,False,False,False,False,True,False,False
2023-09-12,5.461,561.0,24.4,18.9,72.5,16.5,907.7,10.589,501.0,2023,9,12,True,False,False,False,True,False,False
2023-09-12,17.572,659.0,24.4,18.9,72.5,16.5,907.7,29.346,633.0,2023,9,12,False,False,False,False,True,False,False
2023-09-13,21.588,670.0,23.6,18.7,75.3,17.5,907.5,33.591,649.0,2023,9,13,False,False,False,False,True,False,False
2023-09-13,5.711,568.0,23.6,18.7,75.3,17.5,907.5,11.123,501.0,2023,9,13,True,False,False,False,True,False,False
2023-09-14,23.631,675.0,23.4,19.3,78.8,20.1,907.3,30.03,595.0,2023,9,14,False,False,False,False,True,False,False
2023-09-14,4.54,580.0,23.4,19.3,78.8,20.1,907.3,11.815,525.0,2023,9,14,True,False,False,False,True,False,False
2023-09-15,23.777,667.0,23.7,19.7,78.5,19.1,907.8,28.001,639.0,2023,9,15,False,False,False,False,True,False,False
2023-09-15,5.079,587.0,23.7,19.7,78.5,19.1,907.8,10.739,485.0,2023,9,15,True,False,False,False,True,False,False
2023-09-16,6.495,573.0,23.0,20.1,84.5,16.4,908.0,15.321,570.0,2023,9,16,True,False,False,False,True,False,False
2023-09-16,23.851,671.0,23.0,20.1,84.5,16.4,908.0,22.89,650.0,2023,9,16,False,False,False,False,True,False,False
2023-09-17,7.536,599.0,23.4,20.0,82.4,13.7,907.4,11.54,451.0,2023,9,17,True,False,False,False,True,False,False
2023-09-17,15.177,669.0,23.4,20.0,82.4,13.7,907.4,31.56,626.0,2023,9,17,False,False,False,False,True,False,False
2023-09-18,14.869,655.0,23.5,19.8,80.7,15.5,907.8,22.078,623.0,2023,9,18,False,False,False,False,True,False,False
2023-09-18,7.751,589.0,23.5,19.8,80.7,15.5,907.8,15.204,460.0,2023,9,18,True,False,False,False,True,False,False
2023-09-19,7.05,586.0,24.0,19.1,75.3,16.6,908.7,6.112,516.0,2023,9,19,True,False,False,False,True,False,False
2023-09-19,19.144,693.0,24.0,19.1,75.3,16.6,908.7,18.533,606.0,2023,9,19,False,False,False,False,True,False,False
2023-09-20,16.941,708.0,24.2,19.4,75.8,14.4,908.9,17.677,626.0,2023,9,20,False,False,False,False,True,False,False
2023-09-20,6.526,604.0,24.2,19.4,75.8,14.4,908.9,19.704,480.0,2023,9,20,True,False,False,False,True,False,False
2023-09-21,11.867,563.0,23.3,19.7,80.8,11.5,909.0,13.498,530.0,2023,9,21,True,False,False,False,True,False,False
2023-09-21,17.247,701.0,23.3,19.7,80.8,11.5,909.0,19.029,632.0,2023,9,21,False,False,False,False,True,False,False
2023-09-22,27.208,690.0,24.6,19.9,76.6,9.5,908.6,22.592,626.0,2023,9,22,False,False,False,False,True,False,False
2023-09-22,11.241,563.0,24.6,19.9,76.6,9.5,908.6,1.548,550.0,2023,9,22,True,False,False,False,True,False,False
2023-09-23,26.741,691.0,24.9,20.1,76.3,13.2,909.0,29.18,605.0,2023,9,23,False,False,False,False,True,False,False
2023-09-23,11.65,569.0,24.9,20.1,76.3,13.2,909.0,16.755,520.0,2023,9,23,True,False,False,False,True,False,False
2023-09-24,9.216,555.0,24.4,20.2,78.3,15.4,908.5,15.777,471.0,2023,9,24,True,False,False,False,True,False,False
2023-09-24,28.698,664.0,24.4,20.2,78.3,15.4,908.5,27.606,633.0,2023,9,24,False,False,False,False,True,False,False
2023-09-25,21.523,660.0,23.0,20.1,84.7,13.2,907.9,32.945,612.0,2023,9,25,False,False,False,False,True,False,False
2023-09-25,6.914,583.0,23.0,20.1,84.7,13.2,907.9,12.874,508.0,2023,9,25,True,False,False,False,True,False,False
2023-09-26,22.477,649.0,24.2,19.5,76.4,13.9,907.8,27.447,600.0,2023,9,26,False,False,False,False,True,False,False
2023-09-26,6.945,578.0,24.2,19.5,76.4,13.9,907.8,14.452,550.0,2023,9,26,True,False,False,False,True,False,False
2023-09-27,9.325,569.0,23.3,19.6,80.1,14.2,907.6,14.747,503.0,2023,9,27,True,False,False,False,True,False,False
2023-09-27,16.598,664.0,23.3,19.6,80.1,14.2,907.6,19.59,612.0,2023,9,27,False,False,False,False,True,False,False
2023-09-28,9.203,565.0,22.8,19.5,82.1,17.9,907.3,16.37,515.0,2023,9,28,True,False,False,False,True,False,False
2023-09-28,15.09,670.0,22.8,19.5,82.1,17.9,907.3,11.752,620.0,2023,9,28,False,False,False,False,True,False,False
2023-09-30,18.049,719.0,23.7,19.8,78.7,20.5,908.0,24.72,618.0,2023,9,30,False,False,False,False,True,False,False
2023-09-30,6.183,586.0,23.7,19.8,78.7,20.5,908.0,15.165,499.0,2023,9,30,True,False,False,False,True,False,False
2023-10-01,17.192,709.0,24.0,18.7,73.2,21.6,907.7,24.583,620.0,2023,10,1,False,False,False,False,True,False,False
2023-10-01,7.248,579.0,24.0,18.7,73.2,21.6,907.7,16.406,515.0,2023,10,1,True,False,False,False,True,False,False
2023-10-02,4.471,579.0,23.9,18.1,72.0,19.4,908.4,14.383,474.0,2023,10,2,True,False,False,False,True,False,False
2023-10-02,24.926,674.0,23.9,18.1,72.0,19.4,908.4,22.83,623.0,2023,10,2,False,False,False,False,True,False,False
2023-10-03,5.866,566.0,24.1,18.4,71.7,12.8,909.1,16.723,508.0,2023,10,3,True,False,False,False,True,False,False
2023-10-03,21.702,661.0,24.1,18.4,71.7,12.8,909.1,28.207,612.0,2023,10,3,False,False,False,False,True,False,False
2023-10-04,18.254,683.0,24.1,19.8,77.8,11.2,909.5,26.921,612.0,2023,10,4,False,False,False,False,True,False,False
2023-10-04,3.431,577.0,24.1,19.8,77.8,11.2,909.5,15.381,506.0,2023,10,4,True,False,False,False,True,False,False
2023-10-05,3.739,572.0,24.9,19.7,73.8,9.5,908.8,16.566,485.0,2023,10,5,True,False,False,False,True,False,False
2023-10-05,12.113,688.0,24.9,19.7,73.8,9.5,908.8,23.338,596.0,2023,10,5,False,False,False,False,True,False,False
2023-10-06,7.73,557.0,24.7,19.0,71.7,8.7,908.5,18.144,495.0,2023,10,6,True,False,False,False,True,False,False
2023-10-06,19.682,666.0,24.7,19.0,71.7,8.7,908.5,27.807,620.0,2023,10,6,False,False,False,False,True,False,False
2023-10-07,10.316,547.0,25.1,18.9,69.4,7.5,909.0,19.368,486.0,2023,10,7,True,False,False,False,True,False,False
2023-10-07,21.417,668.0,25.1,18.9,69.4,7.5,909.0,32.029,600.0,2023,10,7,False,False,False,False,True,False,False
2023-10-08,12.135,491.0,25.0,19.3,72.5,9.3,910.2,22.165,475.0,2023,10,8,True,False,False,False,True,False,False
2023-10-08,29.493,609.0,25.0,19.3,72.5,9.3,910.2,19.864,609.0,2023,10,8,False,False,False,False,True,False,False
2023-10-09,12.142,628.0,23.6,20.4,83.4,9.4,911.2,24.324,599.0,2023,10,9,False,False,False,False,True,False,False
2023-10-09,6.343,531.0,23.6,20.4,83.4,9.4,911.2,21.976,495.0,2023,10,9,True,False,False,False,True,False,False
2023-10-10,21.691,625.0,24.8,19.7,75.1,9.0,910.5,34.963,612.0,2023,10,10,False,False,False,False,True,False,False
2023-10-10,10.412,519.0,24.8,19.7,75.1,9.0,910.5,19.869,460.0,2023,10,10,True,False,False,False,True,False,False
2023-10-11,26.382,622.0,24.1,19.8,77.7,7.4,910.6,28.096,590.0,2023,10,11,False,False,False,False,True,False,False
2023-10-11,9.222,527.0,24.1,19.8,77.7,7.4,910.6,13.964,439.0,2023,10,11,True,False,False,False,True,False,False
2023-10-12,7.651,541.0,24.0,17.5,69.8,8.7,911.6,16.481,444.0,2023,10,12,True,False,False,False,True,False,False
2023-10-12,21.158,651.0,24.0,17.5,69.8,8.7,911.6,29.337,612.0,2023,10,12,False,False,False,False,True,False,False
2023-10-13,22.523,654.0,23.9,14.3,60.1,9.8,911.9,25.11,617.0,2023,10,13,False,False,False,False,True,False,False
2023-10-13,6.729,533.0,23.9,14.3,60.1,9.8,911.9,18.398,432.0,2023,10,13,True,False,False,False,True,False,False
2023-10-14,8.504,518.0,24.7,17.6,67.7,8.1,911.5,16.307,435.0,2023,10,14,True,False,False,False,True,False,False
2023-10-14,18.238,664.0,24.7,17.6,67.7,8.1,911.5,36.524,608.0,2023,10,14,False,False,False,False,True,False,False
2023-10-15,24.716,656.0,25.1,16.9,64.6,8.2,910.3,19.727,590.0,2023,10,15,False,False,False,False,True,False,False
2023-10-15,6.479,512.0,25.1,16.9,64.6,8.2,910.3,9.26,476.0,2023,10,15,True,False,False,False,True,False,False
2023-10-16,6.881,465.0,24.7,18.9,71.4,11.7,910.6,17.221,456.0,2023,10,16,True,False,False,False,True,False,False
2023-10-16,23.742,593.0,24.7,18.9,71.4,11.7,910.6,23.847,622.0,2023,10,16,False,False,False,False,True,False,False
2023-10-17,10.927,420.0,24.6,17.5,67.6,9.9,911.4,15.882,490.0,2023,10,17,True,False,False,False,True,False,False
2023-10-17,38.503,574.0,24.6,17.5,67.6,9.9,911.4,23.372,593.0,2023,10,17,False,False,False,False,True,False,False
2023-10-18,30.339,527.0,23.9,16.0,63.2,10.9,911.7,20.965,658.0,2023,10,18,False,False,False,False,True,False,False
2023-10-18,6.321,455.0,23.9,16.0,63.2,10.9,911.7,10.681,477.0,2023,10,18,True,False,False,False,True,False,False
2023-10-19,5.418,495.0,23.6,16.3,66.2,10.1,911.9,15.296,490.0,2023,10,19,True,False,False,False,True,False,False
2023-10-19,24.434,554.0,23.6,16.3,66.2,10.1,911.9,29.406,635.0,2023,10,19,False,False,False,False,True,False,False
2023-10-20,7.036,487.0,24.1,17.1,67.2,11.3,911.5,15.964,470.0,2023,10,20,True,False,False,False,True,False,False
2023-10-20,22.036,595.0,24.1,17.1,67.2,11.3,911.5,34.702,600.0,2023,10,20,False,False,False,False,True,False,False
2023-10-26,7.63,533.0,22.7,14.4,63.5,8.1,912.0,12.312,475.0,2023,10,26,True,False,False,False,True,False,False
2023-10-26,14.39,673.0,22.7,14.4,63.5,8.1,912.0,28.651,588.0,2023,10,26,False,False,False,False,True,False,False
2023-10-27,26.134,647.0,23.6,15.7,64.7,10.5,911.1,32.781,590.0,2023,10,27,False,False,False,False,True,False,False
2023-10-27,7.941,550.0,23.6,15.7,64.7,10.5,911.1,13.09,475.0,2023,10,27,True,False,False,False,True,False,False
2023-10-28,17.614,659.0,23.7,17.7,71.8,9.4,911.0,30.146,609.0,2023,10,28,False,False,False,False,True,False,False
2023-10-28,5.413,584.0,23.7,17.7,71.8,9.4,911.0,15.471,480.0,2023,10,28,True,False,False,False,True,False,False
2023-10-29,3.976,596.0,23.9,18.7,74.0,14.5,910.8,9.773,480.0,2023,10,29,True,False,False,False,True,False,False
2023-10-29,31.14,645.0,23.9,18.7,74.0,14.5,910.8,31.567,569.0,2023,10,29,False,False,False,False,True,False,False
2023-10-31,23.79,651.0,23.9,18.1,71.2,12.9,911.5,22.08,600.0,2023,10,31,False,False,False,False,True,False,False
2023-10-31,6.053,591.0,23.9,18.1,71.2,12.9,911.5,9.024,485.0,2023,10,31,True,False,False,False,True,False,False
2023-11-01,20.891,680.0,23.4,17.9,73.4,10.6,911.5,21.563,611.0,2023,11,1,False,False,False,True,False,False,False
2023-11-01,6.934,592.0,23.4,17.9,73.4,10.6,911.5,6.392,508.0,2023,11,1,True,False,False,True,False,False,False
2023-11-02,16.752,682.0,23.8,19.0,76.0,11.5,910.5,22.16,622.0,2023,11,2,False,False,False,True,False,False,False
2023-11-02,6.488,583.0,23.8,19.0,76.0,11.5,910.5,11.946,503.0,2023,11,2,True,False,False,True,False,False,False
2023-11-03,4.952,591.0,23.9,19.4,78.1,13.8,909.1,14.326,509.0,2023,11,3,True,False,False,True,False,False,False
2023-11-03,15.706,708.0,23.9,19.4,78.1,13.8,909.1,19.824,613.0,2023,11,3,False,False,False,True,False,False,False
2023-11-04,5.457,591.0,22.6,19.9,85.8,12.2,909.6,16.045,496.0,2023,11,4,True,False,False,True,False,False,False
2023-11-04,18.688,722.0,22.6,19.9,85.8,12.2,909.6,32.131,611.0,2023,11,4,False,False,False,True,False,False,False
2023-11-05,8.02,566.0,22.8,20.1,85.7,10.6,910.6,13.09,455.0,2023,11,5,True,False,False,True,False,False,False
2023-11-05,14.121,712.0,22.8,20.1,85.7,10.6,910.6,27.389,621.0,2023,11,5,False,False,False,True,False,False,False
2023-11-06,7.618,569.0,23.0,19.6,82.6,9.0,911.6,15.8,500.0,2023,11,6,True,False,False,True,False,False,False
2023-11-06,16.458,717.0,23.0,19.6,82.6,9.0,911.6,27.925,609.0,2023,11,6,False,False,False,True,False,False,False
2023-11-07,17.47,713.0,22.3,20.1,87.4,7.7,911.5,33.423,569.0,2023,11,7,False,False,False,True,False,False,False
2023-11-07,8.234,561.0,22.3,20.1,87.4,7.7,911.5,14.542,445.0,2023,11,7,True,False,False,True,False,False,False
2023-11-08,6.421,579.0,23.0,19.7,82.6,9.5,911.3,12.078,465.0,2023,11,8,True,False,False,True,False,False,False
2023-11-08,21.286,711.0,23.0,19.7,82.6,9.5,911.3,26.316,592.0,2023,11,8,False,False,False,True,False,False,False
2023-11-30,18.329,688.0,22.4,18.2,78.5,14.1,911.2,27.562,589.0,2023,11,30,False,False,False,True,False,False,False
2023-11-30,6.865,585.0,22.4,18.2,78.5,14.1,911.2,8.194,480.0,2023,11,30,True,False,False,True,False,False,False
2023-12-01,20.544,684.0,21.5,18.6,84.2,10.5,910.1,20.048,546.0,2023,12,1,False,False,False,True,False,False,False
2023-12-01,7.208,593.0,21.5,18.6,84.2,10.5,910.1,8.077,496.0,2023,12,1,True,False,False,True,False,False,False
2023-12-02,17.491,681.0,21.4,18.3,83.6,12.3,909.2,18.204,595.0,2023,12,2,False,False,False,True,False,False,False
2023-12-02,7.057,598.0,21.4,18.3,83.6,12.3,909.2,8.22,495.0,2023,12,2,True,False,False,True,False,False,False
2023-12-03,6.62,606.0,21.3,19.2,87.9,15.8,908.8,8.726,490.0,2023,12,3,True,False,False,True,False,False,False
2023-12-03,15.11,702.0,21.3,19.2,87.9,15.8,908.8,21.01,572.0,2023,12,3,False,False,False,True,False,False,False
2023-12-04,16.11,706.0,21.2,18.3,83.4,19.3,907.0,29.857,599.0,2023,12,4,False,False,False,True,False,False,False
2023-12-04,7.02,614.0,21.2,18.3,83.4,19.3,907.0,9.125,482.0,2023,12,4,True,False,False,True,False,False,False
2023-12-05,20.518,705.0,21.4,18.4,83.3,11.1,907.7,23.146,609.0,2023,12,5,False,False,False,True,False,False,False
2023-12-05,4.472,629.0,21.4,18.4,83.3,11.1,907.7,7.882,471.0,2023,12,5,True,False,False,True,False,False,False
2023-12-06,4.767,632.0,23.1,18.0,75.3,5.6,909.0,8.69,490.0,2023,12,6,True,False,False,True,False,False,False
2023-12-06,17.575,724.0,23.1,18.0,75.3,5.6,909.0,29.313,608.0,2023,12,6,False,False,False,True,False,False,False
2023-12-07,18.704,721.0,23.5,19.0,78.1,8.0,909.9,31.508,623.0,2023,12,7,False,False,False,True,False,False,False
2023-12-07,4.766,611.0,23.5,19.0,78.1,8.0,909.9,11.053,466.0,2023,12,7,True,False,False,True,False,False,False
2023-12-08,4.683,622.0,22.9,18.8,79.5,10.2,910.9,12.815,480.0,2023,12,8,True,False,False,True,False,False,False
2023-12-08,16.948,727.0,22.9,18.8,79.5,10.2,910.9,25.79,608.0,2023,12,8,False,False,False,True,False,False,False
2023-12-09,18.857,720.0,22.5,19.1,81.8,11.4,911.4,34.208,633.0,2023,12,9,False,False,False,True,False,False,False
2023-12-09,6.634,602.0,22.5,19.1,81.8,11.4,911.4,12.518,456.0,2023,12,9,True,False,False,True,False,False,False
2023-12-10,15.752,726.0,22.7,17.9,76.0,13.7,910.8,27.967,547.0,2023,12,10,False,False,False,True,False,False,False
2023-12-10,6.718,613.0,22.7,17.9,76.0,13.7,910.8,8.575,447.0,2023,12,10,True,False,False,True,False,False,False
2023-12-11,20.208,705.0,22.3,17.5,75.6,9.7,911.1,35.144,603.0,2023,12,11,False,False,False,True,False,False,False
2023-12-11,3.864,611.0,22.3,17.5,75.6,9.7,911.1,13.378,466.0,2023,12,11,True,False,False,True,False,False,False
2023-12-12,4.08,612.0,21.2,16.0,74.2,11.2,910.5,6.435,470.0,2023,12,12,True,False,False,True,False,False,False
2023-12-12,17.373,690.0,21.2,16.0,74.2,11.2,910.5,25.311,625.0,2023,12,12,False,False,False,True,False,False,False
2023-12-13,13.149,712.0,20.6,14.8,72.1,12.9,911.3,29.243,559.0,2023,12,13,False,False,False,True,False,False,False
2023-12-13,4.838,615.0,20.6,14.8,72.1,12.9,911.3,8.619,469.0,2023,12,13,True,False,False,True,False,False,False
2023-12-14,6.561,594.0,20.4,15.2,74.1,12.1,912.2,12.041,465.0,2023,12,14,True,False,False,True,False,False,False
2023-12-14,17.979,710.0,20.4,15.2,74.1,12.1,912.2,25.513,572.0,2023,12,14,False,False,False,True,False,False,False
2023-12-15,18.915,713.0,20.7,17.5,83.1,12.8,912.5,17.149,612.0,2023,12,15,False,False,False,True,False,False,False
2023-12-15,5.951,571.0,20.7,17.5,83.1,12.8,912.5,13.627,466.0,2023,12,15,True,False,False,True,False,False,False
2023-12-16,9.434,516.0,21.5,18.4,83.2,15.1,911.7,14.107,440.0,2023,12,16,True,False,False,True,False,False,False
2023-12-16,16.775,714.0,21.5,18.4,83.2,15.1,911.7,32.519,587.0,2023,12,16,False,False,False,True,False,False,False
2023-12-17,10.922,511.0,20.9,17.7,82.5,14.3,911.5,7.814,444.0,2023,12,17,True,False,False,True,False,False,False
2023-12-17,18.806,705.0,20.9,17.7,82.5,14.3,911.5,30.127,599.0,2023,12,17,False,False,False,True,False,False,False
2023-12-18,16.464,681.0,20.5,16.7,79.7,15.8,912.5,26.771,569.0,2023,12,18,False,False,False,True,False,False,False
2023-12-18,7.809,555.0,20.5,16.7,79.7,15.8,912.5,9.276,458.0,2023,12,18,True,False,False,True,False,False,False
2023-12-19,25.676,670.0,20.3,14.9,73.7,10.8,912.8,22.42,589.0,2023,12,19,False,False,False,True,False,False,False
2023-12-19,8.078,576.0,20.3,14.9,73.7,10.8,912.8,9.557,465.0,2023,12,19,True,False,False,True,False,False,False
2023-12-20,22.082,688.0,21.2,16.9,78.6,11.7,912.5,21.71,588.0,2023,12,20,False,False,False,True,False,False,False
2023-12-20,7.092,614.0,21.2,16.9,78.6,11.7,912.5,9.932,472.0,2023,12,20,True,False,False,True,False,False,False
2024-01-01,13.015,709.0,21.4,14.4,67.7,9.3,912.1,23.052,582.0,2024,1,1,False,False,True,False,False,False,False
2024-01-01,7.796,558.0,21.4,14.4,67.7,9.3,912.1,9.583,500.0,2024,1,1,True,False,True,False,False,False,False
2024-01-02,6.363,590.0,21.6,15.0,68.3,13.1,911.3,7.399,490.0,2024,1,2,True,False,True,False,False,False,False
2024-01-02,19.516,725.0,21.6,15.0,68.3,13.1,911.3,22.04,582.0,2024,1,2,False,False,True,False,False,False,False
2024-01-03,21.659,710.0,21.4,15.1,69.2,13.2,911.0,29.909,575.0,2024,1,3,False,False,True,False,False,False,False
2024-01-03,5.206,609.0,21.4,15.1,69.2,13.2,911.0,8.644,490.0,2024,1,3,True,False,True,False,False,False,False
2024-01-04,4.775,617.0,22.0,16.2,71.4,12.2,911.3,9.064,486.0,2024,1,4,True,False,True,False,False,False,False
2024-01-04,32.422,694.0,22.0,16.2,71.4,12.2,911.3,30.356,577.0,2024,1,4,False,False,True,False,False,False,False
2024-01-05,2.727,634.0,21.9,17.1,75.0,13.2,911.1,9.378,469.0,2024,1,5,True,False,True,False,False,False,False
2024-01-05,21.917,706.0,21.9,17.1,75.0,13.2,911.1,31.357,588.0,2024,1,5,False,False,True,False,False,False,False
2024-01-06,26.543,697.0,21.8,17.0,75.8,13.0,911.3,27.922,578.0,2024,1,6,False,False,True,False,False,False,False
2024-01-06,3.39,643.0,21.8,17.0,75.8,13.0,911.3,8.356,480.0,2024,1,6,True,False,True,False,False,False,False
2024-01-07,5.575,637.0,22.2,16.4,72.8,16.0,911.5,11.635,476.0,2024,1,7,True,False,True,False,False,False,False
2024-01-07,18.916,714.0,22.2,16.4,72.8,16.0,911.5,21.611,571.0,2024,1,7,False,False,True,False,False,False,False
2024-01-08,12.221,722.0,20.8,18.6,87.3,16.8,912.4,28.634,572.0,2024,1,8,False,False,True,False,False,False,False
2024-01-08,4.198,635.0,20.8,18.6,87.3,16.8,912.4,9.859,480.0,2024,1,8,True,False,True,False,False,False,False
2024-01-09,17.512,726.0,21.2,15.3,71.7,17.3,912.4,28.231,593.0,2024,1,9,False,False,True,False,False,False,False
2024-01-09,5.721,632.0,21.2,15.3,71.7,17.3,912.4,8.899,468.0,2024,1,9,True,False,True,False,False,False,False
2024-01-10,7.06,623.0,21.5,13.7,64.6,16.4,912.3,8.106,480.0,2024,1,10,True,False,True,False,False,False,False
2024-01-10,19.055,736.0,21.5,13.7,64.6,16.4,912.3,29.578,581.0,2024,1,10,False,False,True,False,False,False,False
2024-01-11,20.062,715.0,21.3,13.7,66.3,14.2,912.4,25.522,568.0,2024,1,11,False,False,True,False,False,False,False
2024-01-11,5.616,627.0,21.3,13.7,66.3,14.2,912.4,11.014,479.0,2024,1,11,True,False,True,False,False,False,False
2024-01-12,6.222,629.0,20.9,14.3,70.6,16.1,912.6,9.746,478.0,2024,1,12,True,False,True,False,False,False,False
2024-01-12,19.931,715.0,20.9,14.3,70.6,16.1,912.6,18.396,580.0,2024,1,12,False,False,True,False,False,False,False
2024-01-13,27.327,694.0,21.3,15.4,72.3,10.7,913.2,24.074,542.0,2024,1,13,False,False,True,False,False,False,False
2024-01-13,5.681,603.0,21.3,15.4,72.3,10.7,913.2,7.941,438.0,2024,1,13,True,False,True,False,False,False,False
2024-01-14,25.735,702.0,21.7,14.3,67.5,11.0,912.3,30.47,571.0,2024,1,14,False,False,True,False,False,False,False
2024-01-14,7.151,613.0,21.7,14.3,67.5,11.0,912.3,11.281,458.0,2024,1,14,True,False,True,False,False,False,False
2024-01-15,7.616,603.0,21.8,13.4,64.0,9.8,911.6,9.558,438.0,2024,1,15,True,False,True,False,False,False,False
2024-01-15,26.198,702.0,21.8,13.4,64.0,9.8,911.6,28.114,563.0,2024,1,15,False,False,True,False,False,False,False
2024-01-16,6.718,597.0,21.7,13.3,62.9,9.6,910.5,7.054,453.0,2024,1,16,True,False,True,False,False,False,False
2024-01-16,26.808,707.0,21.7,13.3,62.9,9.6,910.5,22.323,568.0,2024,1,16,False,False,True,False,False,False,False
2024-01-17,22.253,716.0,21.7,13.3,62.5,8.0,910.2,18.477,590.0,2024,1,17,False,False,True,False,False,False,False
2024-01-17,7.741,604.0,21.7,13.3,62.5,8.0,910.2,7.473,480.0,2024,1,17,True,False,True,False,False,False,False
2024-01-18,8.108,602.0,21.5,13.7,65.3,7.9,911.0,6.149,479.0,2024,1,18,True,False,True,False,False,False,False
2024-01-18,21.287,721.0,21.5,13.7,65.3,7.9,911.0,21.678,561.0,2024,1,18,False,False,True,False,False,False,False
2024-01-19,24.088,717.0,22.0,15.4,70.3,10.9,911.4,28.643,563.0,2024,1,19,False,False,True,False,False,False,False
2024-01-19,5.669,604.0,22.0,15.4,70.3,10.9,911.4,6.22,485.0,2024,1,19,True,False,True,False,False,False,False
2024-01-20,23.024,717.0,22.4,14.2,63.6,11.2,912.4,31.629,587.0,2024,1,20,False,False,True,False,False,False,False
2024-01-20,6.468,610.0,22.4,14.2,63.6,11.2,912.4,9.23,495.0,2024,1,20,True,False,True,False,False,False,False
2024-01-21,5.108,623.0,22.9,13.9,62.9,8.5,912.3,8.428,462.0,2024,1,21,True,False,True,False,False,False,False
2024-01-21,24.669,718.0,22.9,13.9,62.9,8.5,912.3,37.6,576.0,2024,1,21,False,False,True,False,False,False,False
2024-01-22,6.276,604.0,23.0,13.3,58.8,9.8,913.1,8.938,470.0,2024,1,22,True,False,True,False,False,False,False
2024-01-22,14.904,720.0,23.0,13.3,58.8,9.8,913.1,29.113,568.0,2024,1,22,False,False,True,False,False,False,False
2024-01-23,5.75,609.0,22.8,13.4,59.5,8.5,912.3,10.158,472.0,2024,1,23,True,False,True,False,False,False,False
2024-01-23,24.853,704.0,22.8,13.4,59.5,8.5,912.3,37.115,560.0,2024,1,23,False,False,True,False,False,False,False
2024-01-24,18.526,716.0,22.6,15.0,65.4,9.0,912.1,37.167,548.0,2024,1,24,False,False,True,False,False,False,False
2024-01-24,6.829,600.0,22.6,15.0,65.4,9.0,912.1,9.933,466.0,2024,1,24,True,False,True,False,False,False,False
2024-01-25,21.776,732.0,22.7,14.1,62.6,10.5,913.2,44.552,558.0,2024,1,25,False,False,True,False,False,False,False
2024-01-25,9.157,589.0,22.7,14.1,62.6,10.5,913.2,10.551,465.0,2024,1,25,True,False,True,False,False,False,False
2024-01-27,16.702,743.0,21.4,13.3,64.3,15.0,914.5,30.937,566.0,2024,1,27,False,False,True,False,False,False,False
2024-01-27,9.302,591.0,21.4,13.3,64.3,15.0,914.5,13.703,465.0,2024,1,27,True,False,True,False,False,False,False
2024-01-28,6.141,612.0,21.2,14.3,68.4,12.3,914.3,9.302,465.0,2024,1,28,True,False,True,False,False,False,False
2024-01-28,21.007,723.0,21.2,14.3,68.4,12.3,914.3,29.694,556.0,2024,1,28,False,False,True,False,False,False,False
2024-01-29,5.188,613.0,21.3,12.0,60.7,11.6,913.5,9.994,476.0,2024,1,29,True,False,True,False,False,False,False
2024-01-29,23.204,720.0,21.3,12.0,60.7,11.6,913.5,24.929,546.0,2024,1,29,False,False,True,False,False,False,False
2024-01-30,5.149,609.0,21.8,11.3,57.3,7.2,912.9,8.692,468.0,2024,1,30,True,False,True,False,False,False,False
2024-01-30,34.918,702.0,21.8,11.3,57.3,7.2,912.9,23.789,560.0,2024,1,30,False,False,True,False,False,False,False
2024-01-31,6.349,575.0,24.4,13.3,54.8,9.8,912.7,9.269,463.0,2024,1,31,True,False,True,False,False,False,False
2024-01-31,24.347,711.0,24.4,13.3,54.8,9.8,912.7,24.237,575.0,2024,1,31,False,False,True,False,False,False,False
2024-02-01,24.532,710.0,24.0,14.4,61.1,7.0,912.9,23.375,589.0,2024,2,1,False,False,True,False,False,False,False
2024-02-01,4.921,597.0,24.0,14.4,61.1,7.0,912.9,8.418,467.0,2024,2,1,True,False,True,False,False,False,False
2024-02-02,4.764,621.0,24.2,16.5,66.5,7.0,912.6,6.097,465.0,2024,2,2,True,False,True,False,False,False,False
2024-02-02,16.202,725.0,24.2,16.5,66.5,7.0,912.6,31.905,548.0,2024,2,2,False,False,True,False,False,False,False
2024-02-03,4.146,619.0,23.5,16.1,66.1,11.9,913.3,7.901,441.0,2024,2,3,True,False,True,False,False,False,False
2024-02-03,15.525,727.0,23.5,16.1,66.1,11.9,913.3,24.338,566.0,2024,2,3,False,False,True,False,False,False,False
2024-02-04,4.146,619.0,23.1,12.4,56.5,13.0,914.6,7.901,441.0,2024,2,4,True,False,True,False,False,False,False
2024-02-04,15.525,727.0,23.1,12.4,56.5,13.0,914.6,24.338,566.0,2024,2,4,False,False,True,False,False,False,False
2024-02-05,12.901,738.0,23.0,11.8,56.5,12.0,914.6,26.007,563.0,2024,2,5,False,False,True,False,False,False,False
2024-02-05,3.804,616.0,23.0,11.8,56.5,12.0,914.6,8.085,465.0,2024,2,5,True,False,True,False,False,False,False
2024-02-06,4.489,619.0,23.3,12.6,59.8,12.1,914.1,8.508,455.0,2024,2,6,True,False,True,False,False,False,False
2024-02-06,16.194,742.0,23.3,12.6,59.8,12.1,914.1,18.458,583.0,2024,2,6,False,False,True,False,False,False,False
2024-02-07,4.349,620.0,23.8,10.0,48.3,11.4,894.9,7.46,456.0,2024,2,7,True,False,True,False,False,False,False
2024-02-07,24.273,728.0,23.8,10.0,48.3,11.4,894.9,32.267,580.0,2024,2,7,False,False,True,False,False,False,False
2024-02-08,4.771,612.0,24.2,8.9,44.6,11.2,913.0,8.474,452.0,2024,2,8,True,False,True,False,False,False,False
2024-02-08,28.449,720.0,24.2,8.9,44.6,11.2,913.0,28.974,560.0,2024,2,8,False,False,True,False,False,False,False
2024-02-09,32.339,708.0,24.4,12.1,53.8,13.5,913.6,20.132,556.0,2024,2,9,False,False,True,False,False,False,False
2024-02-09,5.603,614.0,24.4,12.1,53.8,13.5,913.6,9.582,445.0,2024,2,9,True,False,True,False,False,False,False
2024-02-10,20.742,734.0,23.3,14.3,62.3,15.0,914.7,26.333,548.0,2024,2,10,False,False,True,False,False,False,False
2024-02-10,5.824,619.0,23.3,14.3,62.3,15.0,914.7,8.593,440.0,2024,2,10,True,False,True,False,False,False,False
2024-02-11,6.851,607.0,22.4,13.6,63.9,14.2,914.9,7.429,435.0,2024,2,11,True,False,True,False,False,False,False
2024-02-11,29.892,716.0,22.4,13.6,63.9,14.2,914.9,23.704,565.0,2024,2,11,False,False,True,False,False,False,False
2024-02-12,4.77,605.0,22.6,9.7,54.1,14.5,914.3,7.603,450.0,2024,2,12,True,False,True,False,False,False,False
2024-02-12,26.519,703.0,22.6,9.7,54.1,14.5,914.3,14.784,567.0,2024,2,12,False,False,True,False,False,False,False
2024-02-13,5.681,603.0,22.9,14.3,63.4,12.5,913.8,7.941,438.0,2024,2,13,True,False,True,False,False,False,False
2024-02-13,27.327,694.0,22.9,14.3,63.4,12.5,913.8,24.074,542.0,2024,2,13,False,False,True,False,False,False,False
2024-02-14,7.618,585.0,23.0,13.9,61.3,14.2,913.1,7.394,431.0,2024,2,14,True,False,True,False,False,False,False
2024-02-14,24.237,704.0,23.0,13.9,61.3,14.2,913.1,27.389,560.0,2024,2,14,False,False,True,False,False,False,False
2024-02-15,21.369,701.0,22.3,11.3,57.8,14.5,913.2,32.734,545.0,2024,2,15,False,False,True,False,False,False,False
2024-02-15,9.548,575.0,22.3,11.3,57.8,14.5,913.2,6.36,439.0,2024,2,15,True,False,True,False,False,False,False
2024-02-16,36.762,683.0,22.5,14.0,62.6,17.4,913.4,27.146,538.0,2024,2,16,False,False,True,False,False,False,False
2024-02-16,8.148,572.0,22.5,14.0,62.6,17.4,913.4,8.92,460.0,2024,2,16,True,False,True,False,False,False,False
2024-02-17,28.642,690.0,23.7,10.5,48.9,11.8,912.1,23.349,544.0,2024,2,17,False,False,True,False,False,False,False
2024-02-17,7.294,584.0,23.7,10.5,48.9,11.8,912.1,8.161,456.0,2024,2,17,True,False,True,False,False,False,False
2024-02-18,24.339,668.0,24.2,10.7,47.9,10.1,911.5,26.505,546.0,2024,2,18,False,False,True,False,False,False,False
2024-02-18,8.41,556.0,24.2,10.7,47.9,10.1,911.5,8.139,445.0,2024,2,18,True,False,True,False,False,False,False
2024-02-19,24.23,656.0,24.3,9.5,48.9,11.2,911.9,30.798,565.0,2024,2,19,False,False,True,False,False,False,False
2024-02-19,5.771,554.0,24.3,9.5,48.9,11.2,911.9,5.862,468.0,2024,2,19,True,False,True,False,False,False,False
2024-02-20,23.677,661.0,24.8,10.6,47.1,9.7,911.5,22.649,548.0,2024,2,20,False,False,True,False,False,False,False
2024-02-20,7.354,565.0,24.8,10.6,47.1,9.7,911.5,6.767,452.0,2024,2,20,True,False,True,False,False,False,False
2024-02-21,8.066,549.0,25.6,14.4,52.9,8.2,910.7,6.042,431.0,2024,2,21,True,False,True,False,False,False,False
2024-02-21,29.231,639.0,25.6,14.4,52.9,8.2,910.7,28.565,541.0,2024,2,21,False,False,True,False,False,False,False
2024-02-22,25.893,654.0,25.5,12.1,47.4,8.6,911.0,28.657,542.0,2024,2,22,False,False,True,False,False,False,False
2024-02-22,7.333,549.0,25.5,12.1,47.4,8.6,911.0,5.105,465.0,2024,2,22,True,False,True,False,False,False,False
2024-02-23,22.794,674.0,26.1,12.3,46.5,9.0,910.4,24.174,562.0,2024,2,23,False,False,True,False,False,False,False
2024-02-23,7.129,561.0,26.1,12.3,46.5,9.0,910.4,5.635,460.0,2024,2,23,True,False,True,False,False,False,False
2024-02-24,31.515,646.0,25.8,16.9,60.7,11.3,910.4,25.153,545.0,2024,2,24,False,False,True,False,False,False,False
2024-02-24,5.579,674.0,25.8,16.9,60.7,11.3,910.4,7.627,456.0,2024,2,24,True,False,True,False,False,False,False
2024-02-25,4.901,569.0,24.4,15.5,60.0,14.1,910.3,7.221,450.0,2024,2,25,True,False,True,False,False,False,False
2024-02-25,28.056,643.0,24.4,15.5,60.0,14.1,910.3,27.598,550.0,2024,2,25,False,False,True,False,False,False,False
2024-02-26,37.673,605.0,23.7,15.4,62.7,19.1,911.3,20.177,555.0,2024,2,26,False,False,True,False,False,False,False
2024-02-26,3.756,551.0,23.7,15.4,62.7,19.1,911.3,9.13,450.0,2024,2,26,True,False,True,False,False,False,False
2024-02-27,34.333,570.0,23.7,15.2,62.6,15.3,911.8,23.584,572.0,2024,2,27,False,False,True,False,False,False,False
2024-02-27,4.322,537.0,23.7,15.2,62.6,15.3,911.8,7.344,445.0,2024,2,27,True,False,True,False,False,False,False
2024-02-28,29.162,592.0,24.4,10.9,50.0,13.8,910.8,25.342,544.0,2024,2,28,False,False,True,False,False,False,False
2024-02-28,4.939,523.0,24.4,10.9,50.0,13.8,910.8,7.427,450.0,2024,2,28,True,False,True,False,False,False,False
2024-03-01,20.991,608.0,24.4,12.0,51.5,14.9,912.4,35.41,541.0,2024,3,1,False,True,False,False,False,False,False
2024-03-01,4.196,519.0,24.4,12.0,51.5,14.9,912.4,8.042,455.0,2024,3,1,True,True,False,False,False,False,False
2024-03-02,26.309,608.0,25.0,10.0,43.7,12.2,911.6,29.083,540.0,2024,3,2,False,True,False,False,False,False,False
2024-03-02,5.862,517.0,25.0,10.0,43.7,12.2,911.6,8.575,449.0,2024,3,2,True,True,False,False,False,False,False
2024-03-03,5.441,523.0,25.1,11.6,47.1,9.7,911.0,7.408,430.0,2024,3,3,True,True,False,False,False,False,False
2024-03-03,26.703,596.0,25.1,11.6,47.1,9.7,911.0,33.474,536.0,2024,3,3,False,True,False,False,False,False,False
2024-03-04,5.571,510.0,26.3,12.9,48.3,8.3,911.0,8.781,460.0,2024,3,4,True,True,False,False,False,False,False
2024-03-04,24.694,601.0,26.3,12.9,48.3,8.3,911.0,23.509,555.0,2024,3,4,False,True,False,False,False,False,False
2024-03-05,22.77,612.0,26.7,11.2,44.2,9.7,910.9,22.721,575.0,2024,3,5,False,True,False,False,False,False,False
2024-03-05,6.012,502.0,26.7,11.2,44.2,9.7,910.9,8.313,430.0,2024,3,5,True,True,False,False,False,False,False
2024-03-06,6.175,484.0,26.5,10.9,41.4,9.2,911.0,6.914,460.0,2024,3,6,True,True,False,False,False,False,False
2024-03-06,28.252,576.0,26.5,10.9,41.4,9.2,911.0,31.678,555.0,2024,3,6,False,True,False,False,False,False,False
2024-03-07,24.2,575.0,26.6,10.8,40.2,8.0,910.7,30.23,552.0,2024,3,7,False,True,False,False,False,False,False
2024-03-07,8.278,473.0,26.6,10.8,40.2,8.0,910.7,6.711,441.0,2024,3,7,True,True,False,False,False,False,False
2024-03-08,6.36,437.0,27.2,11.5,40.1,8.0,910.8,10.748,422.0,2024,3,8,True,True,False,False,False,False,False
2024-03-08,21.338,569.0,27.2,11.5,40.1,8.0,910.8,24.119,568.0,2024,3,8,False,True,False,False,False,False,False
2024-03-09,29.682,555.0,28.1,13.2,43.8,9.2,910.8,23.166,553.0,2024,3,9,False,True,False,False,False,False,False
2024-03-09,7.148,448.0,28.1,13.2,43.8,9.2,910.8,9.187,435.0,2024,3,9,True,True,False,False,False,False,False
2024-03-10,22.197,552.0,26.7,15.6,53.6,14.7,912.5,18.615,561.0,2024,3,10,False,True,False,False,False,False,False
2024-03-10,5.556,456.0,26.7,15.6,53.6,14.7,912.5,9.454,430.0,2024,3,10,True,True,False,False,False,False,False
2024-03-11,4.958,487.0,26.8,12.9,46.2,12.0,913.3,9.811,445.0,2024,3,11,True,True,False,False,False,False,False
2024-03-11,22.628,578.0,26.8,12.9,46.2,12.0,913.3,21.218,571.0,2024,3,11,False,True,False,False,False,False,False
2024-03-12,19.188,595.0,26.9,12.7,44.5,11.5,912.6,35.546,553.0,2024,3,12,False,True,False,False,False,False,False
2024-03-12,5.441,489.0,26.9,12.7,44.5,11.5,912.6,9.517,445.0,2024,3,12,True,True,False,False,False,False,False
2024-03-13,6.675,481.0,27.9,13.3,42.8,9.0,911.7,9.078,446.0,2024,3,13,True,True,False,False,False,False,False
2024-03-13,21.03,602.0,27.9,13.3,42.8,9.0,911.7,45.697,540.0,2024,3,13,False,True,False,False,False,False,False
2024-03-14,6.826,497.0,27.9,15.3,47.7,11.1,911.0,14.276,427.0,2024,3,14,True,True,False,False,False,False,False
2024-03-14,23.225,607.0,27.9,15.3,47.7,11.1,911.0,39.995,562.0,2024,3,14,False,True,False,False,False,False,False
2024-03-15,22.56,623.0,27.9,15.5,49.3,12.1,910.5,26.41,556.0,2024,3,15,False,True,False,False,False,False,False
2024-03-15,5.944,513.0,27.9,15.5,49.3,12.1,910.5,8.898,446.0,2024,3,15,True,True,False,False,False,False,False
2024-03-16,31.412,611.0,27.2,14.9,50.2,10.5,910.9,27.386,554.0,2024,3,16,False,True,False,False,False,False,False
2024-03-16,8.346,503.0,27.2,14.9,50.2,10.5,910.9,10.388,430.0,2024,3,16,True,True,False,False,False,False,False
2024-03-17,26.202,623.0,26.7,13.7,49.1,13.8,911.2,25.551,550.0,2024,3,17,False,True,False,False,False,False,False
2024-03-17,8.382,514.0,26.7,13.7,49.1,13.8,911.2,7.609,427.0,2024,3,17,True,True,False,False,False,False,False
2024-03-18,12.802,488.0,27.0,12.5,43.5,9.8,910.7,10.309,435.0,2024,3,18,True,True,False,False,False,False,False
2024-03-18,30.499,619.0,27.0,12.5,43.5,9.8,910.7,36.445,549.0,2024,3,18,False,True,False,False,False,False,False
2024-03-19,10.515,496.0,27.0,10.9,39.8,10.5,910.4,9.904,453.0,2024,3,19,True,True,False,False,False,False,False
2024-03-19,28.983,616.0,27.0,10.9,39.8,10.5,910.4,32.103,546.0,2024,3,19,False,True,False,False,False,False,False
2024-03-20,29.486,600.0,26.4,12.7,47.1,14.3,910.1,27.049,561.0,2024,3,20,False,True,False,False,False,False,False
2024-03-20,11.735,499.0,26.4,12.7,47.1,14.3,910.1,8.305,455.0,2024,3,20,True,True,False,False,False,False,False
2024-03-21,10.65,469.0,25.2,15.8,58.9,13.8,910.4,7.001,445.0,2024,3,21,True,True,False,False,False,False,False
2024-03-21,42.939,584.0,25.2,15.8,58.9,13.8,910.4,35.997,560.0,2024,3,21,False,True,False,False,False,False,False
2024-03-22,6.353,499.0,26.0,14.7,54.3,12.0,909.0,8.891,439.0,2024,3,22,True,True,False,False,False,False,False
2024-03-22,30.213,586.0,26.0,14.7,54.3,12.0,909.0,38.439,566.0,2024,3,22,False,True,False,False,False,False,False
2024-03-23,22.654,588.0,27.0,13.1,47.1,13.3,909.5,40.076,548.0,2024,3,23,False,True,False,False,False,False,False
2024-03-23,3.063,520.0,27.0,13.1,47.1,13.3,909.5,8.617,442.0,2024,3,23,True,True,False,False,False,False,False
2024-03-24,6.566,502.0,27.0,9.6,39.8,11.8,910.9,7.484,444.0,2024,3,24,True,True,False,False,False,False,False
2024-03-24,25.422,562.0,27.0,9.6,39.8,11.8,910.9,20.198,570.0,2024,3,24,False,True,False,False,False,False,False
2024-03-25,7.386,509.0,27.0,11.9,44.7,12.0,911.0,6.557,448.0,2024,3,25,True,True,False,False,False,False,False
2024-03-25,36.942,560.0,27.0,11.9,44.7,12.0,911.0,20.797,567.0,2024,3,25,False,True,False,False,False,False,False
2024-03-26,6.964,497.0,27.0,10.9,42.3,12.9,911.6,6.762,456.0,2024,3,26,True,True,False,False,False,False,False
2024-03-26,36.791,550.0,27.0,10.9,42.3,12.9,911.6,28.715,576.0,2024,3,26,False,True,False,False,False,False,False
2024-03-27,4.22,534.0,26.9,11.5,44.6,13.5,912.4,9.132,442.0,2024,3,27,True,True,False,False,False,False,False
2024-03-27,31.506,559.0,26.9,11.5,44.6,13.5,912.4,30.103,571.0,2024,3,27,False,True,False,False,False,False,False
2024-03-28,27.483,577.0,27.8,11.8,43.5,11.6,911.0,35.223,585.0,2024,3,28,False,True,False,False,False,False,False
2024-03-28,3.943,538.0,27.8,11.8,43.5,11.6,911.0,9.533,444.0,2024,3,28,True,True,False,False,False,False,False
2024-03-29,4.849,539.0,28.4,11.8,40.1,12.3,910.6,11.603,453.0,2024,3,29,True,True,False,False,False,False,False
2024-03-29,23.755,578.0,28.4,11.8,40.1,12.3,910.6,34.759,548.0,2024,3,29,False,True,False,False,False,False,False
2024-03-30,4.557,537.0,27.8,10.0,37.4,12.9,911.5,10.364,450.0,2024,3,30,True,True,False,False,False,False,False
2024-03-30,31.299,567.0,27.8,10.0,37.4,12.9,911.5,29.595,592.0,2024,3,30,False,True,False,False,False,False,False
2024-03-31,6.321,520.0,28.5,10.8,36.1,10.8,911.8,9.088,428.0,2024,3,31,True,True,False,False,False,False,False
2024-03-31,28.911,570.0,28.5,10.8,36.1,10.8,911.8,25.517,553.0,2024,3,31,False,True,False,False,False,False,False
2024-04-01,34.11,556.0,28.3,14.9,48.7,8.5,909.5,39.054,555.0,2024,4,1,False,True,False,False,False,False,False
2024-04-01,4.393,536.0,28.3,14.9,48.7,8.5,909.5,10.316,436.0,2024,4,1,True,True,False,False,False,False,False
2024-04-02,4.186,539.0,29.0,12.7,42.5,11.4,908.5,8.29,441.0,2024,4,2,True,True,False,False,False,False,False
2024-04-02,26.257,567.0,29.0,12.7,42.5,11.4,908.5,36.522,585.0,2024,4,2,False,True,False,False,False,False,False
2024-04-03,8.447,516.0,28.6,12.3,40.3,11.3,909.0,8.197,451.0,2024,4,3,True,True,False,False,False,False,False
2024-04-03,45.634,550.0,28.6,12.3,40.3,11.3,909.0,25.499,542.0,2024,4,3,False,True,False,False,False,False,False
2024-04-04,43.343,538.0,28.9,11.0,37.3,10.9,909.6,27.824,560.0,2024,4,4,False,True,False,False,False,False,False
2024-04-04,10.226,487.0,28.9,11.0,37.3,10.9,909.6,9.234,435.0,2024,4,4,True,True,False,False,False,False,False
2024-04-05,28.953,546.0,29.1,9.0,33.8,11.3,908.9,29.305,538.0,2024,4,5,False,True,False,False,False,False,False
2024-04-05,7.516,506.0,29.1,9.0,33.8,11.3,908.9,11.273,450.0,2024,4,5,True,True,False,False,False,False,False
2024-04-06,35.627,523.0,29.7,9.3,32.3,12.3,908.1,26.542,557.0,2024,4,6,False,True,False,False,False,False,False
2024-04-06,8.369,494.0,29.7,9.3,32.3,12.3,908.1,11.544,450.0,2024,4,6,True,True,False,False,False,False,False
2024-04-07,9.673,493.0,29.3,10.4,35.5,11.1,908.0,8.642,432.0,2024,4,7,True,True,False,False,False,False,False
2024-04-07,31.869,535.0,29.3,10.4,35.5,11.1,908.0,25.798,550.0,2024,4,7,False,True,False,False,False,False,False
2024-04-08,28.853,541.0,28.8,11.0,37.6,12.8,909.0,30.285,560.0,2024,4,8,False,True,False,False,False,False,False
2024-04-08,8.41,474.0,28.8,11.0,37.6,12.8,909.0,8.816,405.0,2024,4,8,True,True,False,False,False,False,False
2024-04-09,26.531,549.0,27.4,13.9,48.3,12.9,909.6,19.983,528.0,2024,4,9,False,True,False,False,False,False,False
2024-04-09,7.886,479.0,27.4,13.9,48.3,12.9,909.6,6.296,377.0,2024,4,9,True,True,False,False,False,False,False
2024-04-10,33.158,541.0,27.7,13.8,49.5,13.2,909.7,17.025,522.0,2024,4,10,False,True,False,False,False,False,False
2024-04-10,10.84,463.0,27.7,13.8,49.5,13.2,909.7,2.005,376.0,2024,4,10,True,True,False,False,False,False,False
2024-04-11,44.695,526.0,27.9,14.9,51.8,14.8,909.8,3.856,466.0,2024,4,11,False,True,False,False,False,False,False
2024-04-11,9.539,466.0,27.9,14.9,51.8,14.8,909.8,0.944,388.0,2024,4,11,True,True,False,False,False,False,False
2024-04-12,9.228,459.0,27.3,17.1,57.0,16.1,909.8,6.452,415.0,2024,4,12,True,True,False,False,False,False,False
2024-04-12,43.633,523.0,27.3,17.1,57.0,16.1,909.8,28.216,590.0,2024,4,12,False,True,False,False,False,False,False
2024-04-13,7.635,480.0,27.5,15.8,52.1,13.0,910.1,5.666,418.0,2024,4,13,True,True,False,False,False,False,False
2024-04-13,44.605,520.0,27.5,15.8,52.1,13.0,910.1,32.681,585.0,2024,4,13,False,True,False,False,False,False,False
2024-04-14,6.62,475.0,27.7,14.0,46.7,13.3,910.5,5.665,435.0,2024,4,14,True,True,False,False,False,False,False
2024-04-14,33.545,520.0,27.7,14.0,46.7,13.3,910.5,33.062,542.0,2024,4,14,False,True,False,False,False,False,False
2024-04-15,3.992,518.0,27.9,13.3,45.1,14.1,910.7,6.136,452.0,2024,4,15,True,True,False,False,False,False,False
2024-04-15,29.558,520.0,27.9,13.3,45.1,14.1,910.7,24.404,545.0,2024,4,15,False,True,False,False,False,False,False
2024-04-16,3.638,533.0,28.8,10.8,36.8,12.5,909.6,4.64,451.0,2024,4,16,True,True,False,False,False,False,False
2024-04-16,23.794,540.0,28.8,10.8,36.8,12.5,909.6,23.032,560.0,2024,4,16,False,True,False,False,False,False,False
2024-04-17,21.311,536.0,29.4,14.9,43.5,8.6,909.1,16.24,570.0,2024,4,17,False,True,False,False,False,False,False
2024-04-17,6.41,514.0,29.4,14.9,43.5,8.6,909.1,6.033,456.0,2024,4,17,True,True,False,False,False,False,False
2024-04-18,7.988,488.0,30.4,16.3,46.6,12.4,908.0,5.628,500.0,2024,4,18,True,True,False,False,False,False,False
2024-04-18,23.408,530.0,30.4,16.3,46.6,12.4,908.0,15.659,583.0,2024,4,18,False,True,False,False,False,False,False
2024-04-19,7.094,460.0,29.9,17.3,48.6,9.6,906.7,6.462,445.0,2024,4,19,True,True,False,False,False,False,False
2024-04-19,14.8,560.0,29.9,17.3,48.6,9.6,906.7,19.899,582.0,2024,4,19,False,True,False,False,False,False,False
2024-04-20,8.257,453.0,27.4,19.0,62.1,10.0,907.5,6.512,445.0,2024,4,20,True,True,False,False,False,False,False
2024-04-20,24.541,533.0,27.4,19.0,62.1,10.0,907.5,21.612,598.0,2024,4,20,False,True,False,False,False,False,False
2024-04-21,27.305,498.0,30.0,15.0,44.3,11.2,907.5,14.6,572.0,2024,4,21,False,True,False,False,False,False,False
2024-04-21,7.724,437.0,30.0,15.0,44.3,11.2,907.5,8.352,448.0,2024,4,21,True,True,False,False,False,False,False
2024-04-22,2.849,433.0,30.0,13.0,39.6,9.3,908.3,8.662,462.0,2024,4,22,True,True,False,False,False,False,False
2024-04-22,11.608,484.0,30.0,13.0,39.6,9.3,908.3,14.993,573.0,2024,4,22,False,True,False,False,False,False,False
2024-04-23,6.2,447.0,29.3,9.7,34.2,13.2,907.2,8.957,456.0,2024,4,23,True,True,False,False,False,False,False
2024-04-23,25.711,495.0,29.3,9.7,34.2,13.2,907.2,23.227,595.0,2024,4,23,False,True,False,False,False,False,False
2024-04-24,7.785,443.0,29.2,9.7,32.4,11.7,907.5,7.579,463.0,2024,4,24,True,True,False,False,False,False,False
2024-04-24,30.97,507.0,29.2,9.7,32.4,11.7,907.5,19.74,578.0,2024,4,24,False,True,False,False,False,False,False
2024-04-25,11.766,419.0,29.5,12.8,40.6,14.4,907.5,9.127,468.0,2024,4,25,True,True,False,False,False,False,False
2024-04-25,37.399,461.0,29.5,12.8,40.6,14.4,907.5,24.544,588.0,2024,4,25,False,True,False,False,False,False,False
2024-04-27,34.165,484.0,29.5,9.6,33.5,12.5,907.8,31.145,563.0,2024,4,27,False,True,False,False,False,False,False
2024-04-27,8.943,411.0,29.5,9.6,33.5,12.5,907.8,9.512,465.0,2024,4,27,True,True,False,False,False,False,False
2024-04-28,9.729,409.0,30.3,10.7,34.6,13.0,908.1,6.572,465.0,2024,4,28,True,True,False,False,False,False,False
2024-04-28,31.005,476.0,30.3,10.7,34.6,13.0,908.1,31.562,547.0,2024,4,28,False,True,False,False,False,False,False
2024-04-29,31.288,491.0,29.9,12.3,37.4,9.8,908.8,33.464,570.0,2024,4,29,False,True,False,False,False,False,False
2024-04-29,8.599,403.0,29.9,12.3,37.4,9.8,908.8,9.08,452.0,2024,4,29,True,True,False,False,False,False,False
2024-04-30,33.871,470.0,32.0,12.8,33.5,10.4,907.4,17.795,555.0,2024,4,30,False,True,False,False,False,False,False
2024-04-30,6.465,417.0,32.0,12.8,33.5,10.4,907.4,6.642,447.0,2024,4,30,True,True,False,False,False,False,False
2024-05-01,24.068,476.0,30.9,17.7,49.1,10.7,905.7,13.912,588.0,2024,5,1,False,False,False,False,False,False,True
2024-05-01,8.296,407.0,30.9,17.7,49.1,10.7,905.7,3.953,469.0,2024,5,1,True,False,False,False,False,False,True
2024-05-02,10.279,381.0,30.7,18.1,50.0,10.9,906.4,4.508,483.0,2024,5,2,True,False,False,False,False,False,True
2024-05-02,17.374,511.0,30.7,18.1,50.0,10.9,906.4,10.625,577.0,2024,5,2,False,False,False,False,False,False,True
2024-05-03,18.539,500.0,28.0,20.1,63.6,12.8,907.4,11.141,600.0,2024,5,3,False,False,False,False,False,False,True
2024-05-03,7.651,402.0,28.0,20.1,63.6,12.8,907.4,3.004,497.0,2024,5,3,True,False,False,False,False,False,True
2024-05-04,27.735,498.0,30.4,15.4,46.4,12.8,907.4,15.151,618.0,2024,5,4,False,False,False,False,False,False,True
2024-05-04,6.464,414.0,30.4,15.4,46.4,12.8,907.4,6.446,499.0,2024,5,4,True,False,False,False,False,False,True
2024-05-05,32.252,486.0,30.8,13.2,38.8,12.2,906.5,11.707,596.0,2024,5,5,False,False,False,False,False,False,True
2024-05-05,6.298,419.0,30.8,13.2,38.8,12.2,906.5,5.154,495.0,2024,5,5,True,False,False,False,False,False,True
2024-05-06,46.565,464.0,27.7,18.9,61.4,15.2,907.5,16.573,613.0,2024,5,6,False,False,False,False,False,False,True
2024-05-06,10.058,374.0,27.7,18.9,61.4,15.2,907.5,7.376,496.0,2024,5,6,True,False,False,False,False,False,True
2024-05-07,11.021,334.0,28.1,18.2,57.1,11.5,908.7,8.57,500.0,2024,5,7,True,False,False,False,False,False,True
2024-05-07,30.946,441.0,28.1,18.2,57.1,11.5,908.7,6.572,622.0,2024,5,7,False,False,False,False,False,False,True
2024-05-08,10.365,322.0,26.5,18.0,60.9,10.5,908.2,8.301,501.0,2024,5,8,True,False,False,False,False,False,True
2024-05-08,24.483,464.0,26.5,18.0,60.9,10.5,908.2,11.284,632.0,2024,5,8,False,False,False,False,False,False,True
2024-05-09,14.4,314.0,26.5,18.1,63.8,9.7,906.1,6.353,499.0,2024,5,9,True,False,False,False,False,False,True
2024-05-09,26.753,474.0,26.5,18.1,63.8,9.7,906.1,28.418,595.0,2024,5,9,False,False,False,False,False,False,True
2024-05-11,12.65,323.0,26.3,20.1,69.7,8.1,909.4,3.874,488.0,2024,5,11,True,False,False,False,False,False,True
2024-05-11,37.248,472.0,26.3,20.1,69.7,8.1,909.4,22.393,587.0,2024,5,11,False,False,False,False,False,False,True
2024-05-12,42.645,434.0,26.3,19.9,69.5,10.6,909.1,22.48,605.0,2024,5,12,False,False,False,False,False,False,True
2024-05-12,15.375,285.0,26.3,19.9,69.5,10.6,909.1,7.645,493.0,2024,5,12,True,False,False,False,False,False,True
2024-05-13,17.801,441.0,25.6,19.7,71.1,9.8,908.5,21.877,562.0,2024,5,13,False,False,False,False,False,False,True
2024-05-13,12.107,305.0,25.6,19.7,71.1,9.8,908.5,9.347,488.0,2024,5,13,True,False,False,False,False,False,True
2024-05-14,15.641,281.0,25.8,19.5,69.7,9.7,908.6,8.395,476.0,2024,5,14,True,False,False,False,False,False,True
2024-05-14,33.039,424.0,25.8,19.5,69.7,9.7,908.6,11.269,580.0,2024,5,14,False,False,False,False,False,False,True
2024-05-15,18.699,273.0,26.7,19.1,65.0,12.2,909.0,7.255,475.0,2024,5,15,True,False,False,False,False,False,True
2024-05-15,46.617,422.0,26.7,19.1,65.0,12.2,909.0,10.889,638.0,2024,5,15,False,False,False,False,False,False,True
2024-05-16,13.284,293.0,25.8,19.9,70.9,7.9,908.5,6.211,490.0,2024,5,16,True,False,False,False,False,False,True
2024-05-16,45.416,420.0,25.8,19.9,70.9,7.9,908.5,13.371,629.0,2024,5,16,False,False,False,False,False,False,True
2024-05-17,34.252,404.0,24.1,20.5,80.7,10.3,907.6,8.007,631.0,2024,5,17,False,False,False,False,False,False,True
2024-05-17,12.595,303.0,24.1,20.5,80.7,10.3,907.6,6.879,501.0,2024,5,17,True,False,False,False,False,False,True
2024-05-18,12.044,308.0,24.9,20.4,77.9,7.6,906.1,6.406,490.0,2024,5,18,True,False,False,False,False,False,True
2024-05-18,30.492,414.0,24.9,20.4,77.9,7.6,906.1,8.382,800.0,2024,5,18,False,False,False,False,False,False,True
2024-05-19,13.667,317.0,24.3,21.0,82.5,6.6,904.9,7.71,500.0,2024,5,19,True,False,False,False,False,False,True
2024-05-19,22.145,440.0,24.3,21.0,82.5,6.6,904.9,7.606,585.0,2024,5,19,False,False,False,False,False,False,True
2024-05-20,13.206,320.0,24.5,21.1,82.2,8.0,905.2,8.457,479.0,2024,5,20,True,False,False,False,False,False,True
2024-05-20,37.624,433.0,24.5,21.1,82.2,8.0,905.2,10.123,609.0,2024,5,20,False,False,False,False,False,False,True
2024-05-21,30.97,439.0,25.2,21.0,79.3,9.5,904.4,10.541,620.0,2024,5,21,False,False,False,False,False,False,True
2024-05-21,13.34,315.0,25.2,21.0,79.3,9.5,904.4,9.734,488.0,2024,5,21,True,False,False,False,False,False,True
2024-05-22,27.483,435.0,26.4,21.3,75.2,11.6,903.6,14.412,645.0,2024,5,22,False,False,False,False,False,False,True
2024-05-22,12.51,320.0,26.4,21.3,75.2,11.6,903.6,9.369,490.0,2024,5,22,True,False,False,False,False,False,True
2024-05-23,33.829,429.0,27.8,20.6,67.9,10.1,903.0,13.021,650.0,2024,5,23,False,False,False,False,False,False,True
2024-05-23,12.222,325.0,27.8,20.6,67.9,10.1,903.0,8.812,475.0,2024,5,23,True,False,False,False,False,False,True
2024-05-24,11.319,341.0,25.5,20.6,75.6,11.2,902.8,8.478,457.0,2024,5,24,True,False,False,False,False,False,True
2024-05-24,31.11,418.0,25.5,20.6,75.6,11.2,902.8,14.77,672.0,2024,5,24,False,False,False,False,False,False,True
2024-05-25,10.169,350.0,24.6,19.1,73.0,20.3,903.9,9.882,469.0,2024,5,25,True,False,False,False,False,False,True
2024-05-25,31.64,416.0,24.6,19.1,73.0,20.3,903.9,20.996,849.0,2024,5,25,False,False,False,False,False,False,True
2024-05-26,27.463,408.0,24.4,19.2,73.1,24.3,904.6,16.74,608.0,2024,5,26,False,False,False,False,False,False,True
2024-05-26,9.6,342.0,24.4,19.2,73.1,24.3,904.6,12.571,465.0,2024,5,26,True,False,False,False,False,False,True
2024-05-27,27.728,429.0,25.8,19.6,69.4,22.7,904.8,10.258,640.0,2024,5,27,False,False,False,False,False,False,True
2024-05-27,11.161,340.0,25.8,19.6,69.4,22.7,904.8,8.892,490.0,2024,5,27,True,False,False,False,False,False,True
2024-05-28,10.494,349.0,25.8,19.2,67.9,21.1,905.3,7.89,486.0,2024,5,28,True,False,False,False,False,False,True
2024-05-28,22.779,433.0,25.8,19.2,67.9,21.1,905.3,16.259,670.0,2024,5,28,False,False,False,False,False,False,True
2024-05-29,18.734,449.0,26.3,19.6,68.2,17.7,905.1,14.689,619.0,2024,5,29,False,False,False,False,False,False,True
2024-05-29,12.65,344.0,26.3,19.6,68.2,17.7,905.1,14.54,470.0,2024,5,29,True,False,False,False,False,False,True
2024-05-30,9.551,356.0,27.4,19.6,63.8,17.1,905.8,9.837,480.0,2024,5,30,True,False,False,False,False,False,True
2024-05-30,18.25,468.0,27.4,19.6,63.8,17.1,905.8,12.513,620.0,2024,5,30,False,False,False,False,False,False,True
2024-05-31,31.034,465.0,29.0,19.5,58.0,15.9,906.1,16.065,780.0,2024,5,31,False,False,False,False,False,False,True
2024-05-31,7.548,375.0,29.0,19.5,58.0,15.9,906.1,8.219,499.0,2024,5,31,True,False,False,False,False,False,True
2024-06-01,6.678,385.0,25.5,20.6,75.9,15.0,906.7,9.907,496.0,2024,6,1,True,False,False,False,False,False,True
2024-06-01,40.844,442.0,25.5,20.6,75.9,15.0,906.7,14.667,685.0,2024,6,1,False,False,False,False,False,False,True
2024-06-02,5.534,369.0,24.6,19.8,76.8,15.5,907.1,10.53,504.0,2024,6,2,True,False,False,False,False,False,True
2024-06-02,21.856,447.0,24.6,19.8,76.8,15.5,907.1,21.98,618.0,2024,6,2,False,False,False,False,False,False,True
2024-06-03,20.252,468.0,25.0,20.6,77.3,9.3,907.8,28.06,645.0,2024,6,3,False,False,False,False,False,False,True
2024-06-03,10.0,356.0,25.0,20.6,77.3,9.3,907.8,12.733,495.0,2024,6,3,True,False,False,False,False,False,True
2024-06-04,29.826,429.0,25.3,20.4,75.3,10.1,908.2,19.987,623.0,2024,6,4,False,False,False,False,False,False,True
2024-06-04,12.277,326.0,25.3,20.4,75.3,10.1,908.2,10.119,510.0,2024,6,4,True,False,False,False,False,False,True
2024-06-05,8.489,382.0,24.3,21.0,82.0,10.5,908.4,10.5,500.0,2024,6,5,True,False,False,False,False,False,True
2024-06-05,11.297,512.0,24.3,21.0,82.0,10.5,908.4,33.757,621.0,2024,6,5,False,False,False,False,False,False,True
2024-06-06,7.291,408.0,24.5,20.9,81.8,10.6,908.2,11.721,505.0,2024,6,6,True,False,False,False,False,False,True
2024-06-06,24.357,498.0,24.5,20.9,81.8,10.6,908.2,37.831,625.0,2024,6,6,False,False,False,False,False,False,True
2024-06-07,30.86,506.0,24.2,20.6,81.2,13.5,907.0,19.095,635.0,2024,6,7,False,False,False,False,False,False,True
2024-06-07,6.57,417.0,24.2,20.6,81.2,13.5,907.0,8.884,469.0,2024,6,7,True,False,False,False,False,False,True
2024-06-08,32.761,502.0,24.1,19.1,74.0,20.3,906.7,17.364,629.0,2024,6,8,False,False,False,False,False,False,True
2024-06-08,6.158,417.0,24.1,19.1,74.0,20.3,906.7,7.992,483.0,2024,6,8,True,False,False,False,False,False,True
2024-06-09,7.382,418.0,23.6,19.4,77.7,21.9,906.6,6.487,495.0,2024,6,9,True,False,False,False,False,False,True
2024-06-09,23.104,506.0,23.6,19.4,77.7,21.9,906.6,16.326,611.0,2024,6,9,False,False,False,False,False,False,True
2024-06-10,27.918,485.0,24.1,19.5,75.5,21.1,907.3,13.122,615.0,2024,6,10,False,False,False,False,False,False,True
2024-06-10,8.65,408.0,24.1,19.5,75.5,21.1,907.3,7.013,508.0,2024,6,10,True,False,False,False,False,False,True
2024-06-11,27.927,467.0,24.4,19.6,74.9,23.0,907.5,15.655,645.0,2024,6,11,False,False,False,False,False,False,True
2024-06-11,7.642,416.0,24.4,19.6,74.9,23.0,907.5,8.765,506.0,2024,6,11,True,False,False,False,False,False,True
2024-06-12,7.248,409.0,23.5,19.1,77.3,19.2,908.6,9.324,510.0,2024,6,12,True,False,False,False,False,False,True
2024-06-12,22.93,491.0,23.5,19.1,77.3,19.2,908.6,12.795,808.0,2024,6,12,False,False,False,False,False,False,True
2024-06-13,15.509,523.0,22.9,20.0,83.9,13.6,908.3,32.292,635.0,2024,6,13,False,False,False,False,False,False,True
2024-06-13,9.739,415.0,22.9,20.0,83.9,13.6,908.3,7.798,482.0,2024,6,13,True,False,False,False,False,False,True
2024-06-14,7.79,418.0,24.3,19.4,75.0,16.1,907.5,6.113,500.0,2024,6,14,True,False,False,False,False,False,True
2024-06-14,25.342,517.0,24.3,19.4,75.0,16.1,907.5,21.262,640.0,2024,6,14,False,False,False,False,False,False,True
2024-06-15,6.901,429.0,24.6,18.2,68.7,14.7,906.9,7.001,485.0,2024,6,15,True,False,False,False,False,False,True
2024-06-15,23.321,499.0,24.6,18.2,68.7,14.7,906.9,14.965,613.0,2024,6,15,False,False,False,False,False,False,True
2024-06-16,9.952,415.0,25.0,19.4,72.2,15.1,907.2,8.476,483.0,2024,6,16,True,False,False,False,False,False,True
2024-06-16,23.271,506.0,25.0,19.4,72.2,15.1,907.2,18.418,605.0,2024,6,16,False,False,False,False,False,False,True
2024-06-17,12.94,399.0,25.3,19.9,73.4,12.9,907.2,2.699,447.0,2024,6,17,True,False,False,False,False,False,True
2024-06-17,32.18,507.0,25.3,19.9,73.4,12.9,907.2,3.959,579.0,2024,6,17,False,False,False,False,False,False,True
2024-06-18,10.43,394.0,24.7,20.2,77.0,17.9,906.9,7.126,476.0,2024,6,18,True,False,False,False,False,False,True
2024-06-18,21.711,513.0,24.7,20.2,77.0,17.9,906.9,29.117,696.0,2024,6,18,False,False,False,False,False,False,True
2024-06-19,27.238,514.0,24.6,20.0,76.1,17.0,906.0,35.972,618.0,2024,6,19,False,False,False,False,False,False,True
2024-06-19,12.978,379.0,24.6,20.0,76.1,17.0,906.0,11.003,472.0,2024,6,19,True,False,False,False,False,False,True
2024-06-20,28.473,498.0,23.7,19.3,77.2,19.5,906.2,28.196,620.0,2024,6,20,False,False,False,False,False,False,True
2024-06-20,11.745,380.0,23.7,19.3,77.2,19.5,906.2,4.809,490.0,2024,6,20,True,False,False,False,False,False,True
2024-06-21,8.506,377.0,23.2,19.9,82.2,17.9,905.7,8.531,493.0,2024,6,21,True,False,False,False,False,False,True
2024-06-21,18.206,498.0,23.2,19.9,82.2,17.9,905.7,23.597,639.0,2024,6,21,False,False,False,False,False,False,True
2024-06-22,28.808,479.0,24.1,19.4,75.5,18.2,904.4,20.087,618.0,2024,6,22,False,False,False,False,False,False,True
2024-06-22,8.662,370.0,24.1,19.4,75.5,18.2,904.4,14.68,482.0,2024,6,22,True,False,False,False,False,False,True
2024-06-23,31.259,451.0,24.3,19.5,75.5,20.2,903.8,23.037,603.0,2024,6,23,False,False,False,False,False,False,True
2024-06-23,13.188,335.0,24.3,19.5,75.5,20.2,903.8,9.455,488.0,2024,6,23,True,False,False,False,False,False,True
2024-06-24,15.35,313.0,24.0,19.0,73.8,22.6,903.6,7.04,490.0,2024,6,24,True,False,False,False,False,False,True
2024-06-24,31.671,441.0,24.0,19.0,73.8,22.6,903.6,26.603,610.0,2024,6,24,False,False,False,False,False,False,True
2024-06-25,29.144,420.0,24.8,19.0,71.1,25.0,903.3,20.787,609.0,2024,6,25,False,False,False,False,False,False,True
2024-06-25,14.132,298.0,24.8,19.0,71.1,25.0,903.3,8.588,499.0,2024,6,25,True,False,False,False,False,False,True
2024-06-26,14.741,302.0,24.2,19.1,73.8,25.2,903.9,8.591,500.0,2024,6,26,True,False,False,False,False,False,True
2024-06-26,18.749,442.0,24.2,19.1,73.8,25.2,903.9,23.078,636.0,2024,6,26,False,False,False,False,False,False,True
2024-06-27,10.687,312.0,23.7,19.0,75.1,25.6,905.6,10.125,502.0,2024,6,27,True,False,False,False,False,False,True
2024-06-27,24.488,450.0,23.7,19.0,75.1,25.6,905.6,29.71,647.0,2024,6,27,False,False,False,False,False,False,True
2024-06-28,7.835,291.0,24.7,19.5,73.7,19.4,906.1,12.211,471.0,2024,6,28,True,False,False,False,False,False,True
2024-06-28,32.406,416.0,24.7,19.5,73.7,19.4,906.1,41.663,619.0,2024,6,28,False,False,False,False,False,False,True
2024-06-29,6.796,421.0,24.7,19.8,75.0,17.7,906.9,35.773,606.0,2024,6,29,False,False,False,False,False,False,True
2024-06-29,3.012,312.0,24.7,19.8,75.0,17.7,906.9,14.946,478.0,2024,6,29,True,False,False,False,False,False,True
2024-06-30,7.563,312.0,24.7,19.9,75.0,20.2,907.5,10.823,466.0,2024,6,30,True,False,False,False,False,False,True
2024-06-30,21.036,403.0,24.7,19.9,75.0,20.2,907.5,32.545,608.0,2024,6,30,False,False,False,False,False,False,True
2024-07-01,22.114,427.0,24.1,19.9,77.6,20.9,907.1,30.458,601.0,2024,7,1,False,False,False,False,False,True,False
2024-07-01,10.516,329.0,24.1,19.9,77.6,20.9,907.1,12.036,490.0,2024,7,1,True,False,False,False,False,True,False
2024-07-02,14.142,318.0,25.0,19.5,72.6,20.8,906.3,13.48,455.0,2024,7,2,True,False,False,False,False,True,False
2024-07-02,16.713,423.0,25.0,19.5,72.6,20.8,906.3,29.541,630.0,2024,7,2,False,False,False,False,False,True,False
2024-07-03,29.869,419.0,23.8,19.8,79.5,19.2,907.1,32.204,611.0,2024,7,3,False,False,False,False,False,True,False
2024-07-03,14.454,317.0,23.8,19.8,79.5,19.2,907.1,14.465,461.0,2024,7,3,True,False,False,False,False,True,False
2024-07-04,29.826,429.0,24.0,18.9,73.8,19.6,907.3,46.55,623.0,2024,7,4,False,False,False,False,False,True,False
2024-07-04,12.277,326.0,24.0,18.9,73.8,19.6,907.3,15.87,456.0,2024,7,4,True,False,False,False,False,True,False
2024-07-05,27.5,438.0,24.7,19.4,73.2,21.3,905.9,43.181,619.0,2024,7,5,False,False,False,False,False,True,False
2024-07-05,11.504,335.0,24.7,19.4,73.2,21.3,905.9,14.434,445.0,2024,7,5,True,False,False,False,False,True,False
2024-07-06,11.308,341.0,23.7,18.8,74.3,20.9,905.5,13.057,437.0,2024,7,6,True,False,False,False,False,True,False
2024-07-06,27.38,430.0,23.7,18.8,74.3,20.9,905.5,42.165,580.0,2024,7,6,False,False,False,False,False,True,False
2024-07-07,13.129,331.0,23.5,19.3,78.4,19.1,905.7,11.47,469.0,2024,7,7,True,False,False,False,False,True,False
2024-07-07,31.495,421.0,23.5,19.3,78.4,19.1,905.7,34.827,592.0,2024,7,7,False,False,False,False,False,True,False
2024-07-08,14.068,334.0,22.3,19.4,84.2,19.3,905.1,14.279,453.0,2024,7,8,True,False,False,False,False,True,False
2024-07-08,27.482,423.0,22.3,19.4,84.2,19.3,905.1,43.235,592.0,2024,7,8,False,False,False,False,False,True,False
2024-07-09,26.765,418.0,23.1,19.2,79.2,17.3,906.8,42.029,598.0,2024,7,9,False,False,False,False,False,True,False
2024-07-09,12.224,342.0,23.1,19.2,79.2,17.3,906.8,17.184,472.0,2024,7,9,True,False,False,False,False,True,False
2024-07-10,10.993,349.0,24.1,19.6,77.1,14.4,908.4,12.433,473.0,2024,7,10,True,False,False,False,False,True,False
2024-07-10,26.548,433.0,24.1,19.6,77.1,14.4,908.4,38.709,599.0,2024,7,10,False,False,False,False,False,True,False
2024-07-11,13.062,344.0,24.3,18.9,72.9,16.6,907.3,12.223,469.0,2024,7,11,True,False,False,False,False,True,False
2024-07-11,27.466,434.0,24.3,18.9,72.9,16.6,907.3,32.956,598.0,2024,7,11,False,False,False,False,False,True,False
2024-07-12,13.271,339.0,24.2,20.0,78.9,18.3,906.1,12.132,445.0,2024,7,12,True,False,False,False,False,True,False
2024-07-12,23.886,436.0,24.2,20.0,78.9,18.3,906.1,33.093,619.0,2024,7,12,False,False,False,False,False,True,False
2024-07-13,15.098,342.0,24.4,19.6,75.3,23.8,905.7,16.921,481.0,2024,7,13,True,False,False,False,False,True,False
2024-07-13,26.126,453.0,24.4,19.6,75.3,23.8,905.7,48.719,599.0,2024,7,13,False,False,False,False,False,True,False
2024-07-14,21.201,467.0,23.0,19.8,82.5,20.5,904.2,37.644,593.0,2024,7,14,False,False,False,False,False,True,False
2024-07-14,20.135,339.0,23.0,19.8,82.5,20.5,904.2,12.281,428.0,2024,7,14,True,False,False,False,False,True,False
2024-07-15,45.148,453.0,22.0,20.1,88.2,21.2,903.6,44.071,599.0,2024,7,15,False,False,False,False,False,True,False
2024-07-15,18.509,337.0,22.0,20.1,88.2,21.2,903.6,10.12,450.0,2024,7,15,True,False,False,False,False,True,False
2024-07-16,15.504,336.0,23.1,19.7,81.7,22.6,904.1,10.519,430.0,2024,7,16,True,False,False,False,False,True,False
2024-07-16,39.098,434.0,23.1,19.7,81.7,22.6,904.1,33.714,596.0,2024,7,16,False,False,False,False,False,True,False
2024-07-17,39.817,432.0,23.9,19.9,78.6,26.0,905.4,14.976,566.0,2024,7,17,False,False,False,False,False,True,False
2024-07-17,13.361,348.0,23.9,19.9,78.6,26.0,905.4,8.466,453.0,2024,7,17,True,False,False,False,False,True,False
2024-07-18,11.214,371.0,23.3,19.3,78.9,27.8,905.2,13.052,439.0,2024,7,18,True,False,False,False,False,True,False
2024-07-18,29.433,454.0,23.3,19.3,78.9,27.8,905.2,42.061,602.0,2024,7,18,False,False,False,False,False,True,False
2024-07-19,12.214,370.0,22.2,19.5,84.6,24.8,904.3,8.471,469.0,2024,7,19,True,False,False,False,False,True,False
2024-07-19,37.344,454.0,22.2,19.5,84.6,24.8,904.3,30.709,633.0,2024,7,19,False,False,False,False,False,True,False
2024-07-22,13.61,370.0,23.5,18.6,74.5,25.4,907.6,9.451,430.0,2024,7,22,True,False,False,False,False,True,False
2024-07-22,28.675,452.0,23.5,18.6,74.5,25.4,907.6,29.764,600.0,2024,7,22,False,False,False,False,False,True,False
2024-07-23,22.592,443.0,23.5,19.2,77.3,21.5,907.6,27.654,603.0,2024,7,23,False,False,False,False,False,True,False
2024-07-23,10.008,377.0,23.5,19.2,77.3,21.5,907.6,8.917,425.0,2024,7,23,True,False,False,False,False,True,False
2024-07-24,30.434,462.0,23.1,18.9,77.4,23.1,905.8,26.237,639.0,2024,7,24,False,False,False,False,False,True,False
2024-07-24,10.986,375.0,23.1,18.9,77.4,23.1,905.8,7.828,420.0,2024,7,24,True,False,False,False,False,True,False
2024-07-25,34.932,450.0,22.6,19.6,83.3,23.5,904.8,31.365,609.0,2024,7,25,False,False,False,False,False,True,False
2024-07-25,8.033,379.0,22.6,19.6,83.3,23.5,904.8,11.225,455.0,2024,7,25,True,False,False,False,False,True,False
2024-07-26,32.64,452.0,22.8,19.6,82.6,26.2,905.3,43.388,603.0,2024,7,26,False,False,False,False,False,True,False
2024-07-26,6.925,390.0,22.8,19.6,82.6,26.2,905.3,8.136,426.0,2024,7,26,True,False,False,False,False,True,False
2024-07-27,34.274,427.0,23.8,17.4,68.6,30.0,905.4,39.481,585.0,2024,7,27,False,False,False,False,False,True,False
2024-07-27,7.318,366.0,23.8,17.4,68.6,30.0,905.4,9.183,445.0,2024,7,27,True,False,False,False,False,True,False
2024-07-28,29.497,440.0,23.6,18.7,74.3,25.9,903.6,35.944,607.0,2024,7,28,False,False,False,False,False,True,False
2024-07-28,11.381,329.0,23.6,18.7,74.3,25.9,903.6,6.253,463.0,2024,7,28,True,False,False,False,False,True,False
2024-07-29,20.251,459.0,24.6,19.7,75.0,24.0,904.0,24.777,638.0,2024,7,29,False,False,False,False,False,True,False
2024-07-29,12.195,330.0,24.6,19.7,75.0,24.0,904.0,7.908,449.0,2024,7,29,True,False,False,False,False,True,False
2024-07-30,10.059,320.0,23.2,19.6,80.7,24.7,906.9,8.348,446.0,2024,7,30,True,False,False,False,False,True,False
2024-07-30,41.346,460.0,23.2,19.6,80.7,24.7,906.9,28.041,640.0,2024,7,30,False,False,False,False,False,True,False
2024-07-31,9.458,354.0,23.3,19.8,81.5,18.0,907.8,9.325,480.0,2024,7,31,True,False,False,False,False,True,False
2024-07-31,36.719,436.0,23.3,19.8,81.5,18.0,907.8,25.451,611.0,2024,7,31,False,False,False,False,False,True,False
2024-08-01,9.692,373.0,22.7,19.7,83.6,17.3,907.5,11.1,445.0,2024,8,1,True,False,False,False,False,True,False
2024-08-01,32.881,437.0,22.7,19.7,83.6,17.3,907.5,37.789,596.0,2024,8,1,False,False,False,False,False,True,False
2024-08-02,35.075,462.0,23.3,19.9,81.4,21.1,907.5,41.281,599.0,2024,8,2,False,False,False,False,False,True,False
2024-08-02,6.893,435.0,23.3,19.9,81.4,21.1,907.5,8.016,485.0,2024,8,2,True,False,False,False,False,True,False
2024-08-03,9.108,426.0,23.2,19.9,82.4,17.2,908.5,9.302,466.0,2024,8,3,True,False,False,False,False,True,False
2024-08-03,32.624,487.0,23.2,19.9,82.4,17.2,908.5,43.526,580.0,2024,8,3,False,False,False,False,False,True,False
2024-08-05,41.582,483.0,23.4,19.8,80.9,13.2,908.3,37.622,590.0,2024,8,5,False,False,False,False,False,True,False
2024-08-05,7.249,456.0,23.4,19.8,80.9,13.2,908.3,8.963,462.0,2024,8,5,True,False,False,False,False,True,False
2024-08-06,8.681,422.0,23.0,20.3,85.6,16.0,907.5,7.915,457.0,2024,8,6,True,False,False,False,False,True,False
2024-08-06,37.732,482.0,23.0,20.3,85.6,16.0,907.5,30.384,605.0,2024,8,6,False,False,False,False,False,True,False
2024-08-07,9.322,423.0,22.9,19.7,82.3,14.6,907.8,7.703,455.0,2024,8,7,True,False,False,False,False,True,False
2024-08-07,41.999,481.0,22.9,19.7,82.3,14.6,907.8,38.445,618.0,2024,8,7,False,False,False,False,False,True,False
2024-08-08,8.729,450.0,23.5,19.6,79.2,15.8,908.5,3.915,480.0,2024,8,8,True,False,False,False,False,True,False
2024-08-08,33.94,514.0,23.5,19.6,79.2,15.8,908.5,33.534,602.0,2024,8,8,False,False,False,False,False,True,False
2024-08-09,6.092,488.0,24.4,20.1,77.4,14.8,908.7,3.453,486.0,2024,8,9,True,False,False,False,False,True,False
2024-08-09,34.603,529.0,24.4,20.1,77.4,14.8,908.7,18.691,629.0,2024,8,9,False,False,False,False,False,True,False
2024-08-10,31.264,528.0,24.3,20.4,79.4,14.3,908.3,22.753,629.0,2024,8,10,False,False,False,False,False,True,False
2024-08-10,7.089,469.0,24.3,20.4,79.4,14.3,908.3,4.044,472.0,2024,8,10,True,False,False,False,False,True,False
2024-08-11,28.078,539.0,25.2,20.0,73.8,14.3,906.5,21.968,590.0,2024,8,11,False,False,False,False,False,True,False
2024-08-11,7.375,481.0,25.2,20.0,73.8,14.3,906.5,4.344,483.0,2024,8,11,True,False,False,False,False,True,False
2024-08-12,30.11,540.0,24.5,20.8,80.6,10.4,906.3,42.646,623.0,2024,8,12,False,False,False,False,False,True,False
2024-08-12,11.634,434.0,24.5,20.8,80.6,10.4,906.3,5.752,463.0,2024,8,12,True,False,False,False,False,True,False
2024-08-13,30.833,529.0,25.6,20.5,75.4,9.4,906.4,46.813,589.0,2024,8,13,False,False,False,False,False,True,False
2024-08-13,7.614,458.0,25.6,20.5,75.4,9.4,906.4,5.52,471.0,2024,8,13,True,False,False,False,False,True,False
2024-08-14,24.812,547.0,26.1,20.6,73.6,10.7,905.8,37.236,655.0,2024,8,14,False,False,False,False,False,True,False
2024-08-14,7.352,467.0,26.1,20.6,73.6,10.7,905.8,6.779,475.0,2024,8,14,True,False,False,False,False,True,False
2024-08-16,6.146,489.0,25.0,21.6,82.2,7.3,904.8,7.51,460.0,2024,8,16,True,False,False,False,False,True,False
2024-08-16,22.094,573.0,25.0,21.6,82.2,7.3,904.8,39.436,588.0,2024,8,16,False,False,False,False,False,True,False
2024-08-17,25.476,563.0,25.6,21.3,77.8,8.6,905.5,36.627,653.0,2024,8,17,False,False,False,False,False,True,False
2024-08-17,6.37,486.0,25.6,21.3,77.8,8.6,905.5,3.61,476.0,2024,8,17,True,False,False,False,False,True,False
2024-08-18,25.476,563.0,24.1,21.1,84.0,7.5,906.5,36.627,653.0,2024,8,18,False,False,False,False,False,True,False
2024-08-18,6.37,486.0,24.1,21.1,84.0,7.5,906.5,3.61,476.0,2024,8,18,True,False,False,False,False,True,False
2024-08-19,25.278,574.0,24.5,21.2,83.3,7.9,905.8,32.923,662.0,2024,8,19,False,False,False,False,False,True,False
2024-08-19,7.594,485.0,24.5,21.2,83.3,7.9,905.8,4.673,455.0,2024,8,19,True,False,False,False,False,True,False
2024-08-20,29.509,570.0,25.1,21.2,80.3,7.7,906.1,14.108,601.0,2024,8,20,False,False,False,False,False,True,False
2024-08-20,7.601,476.0,25.1,21.2,80.3,7.7,906.1,4.575,476.0,2024,8,20,True,False,False,False,False,True,False
2024-08-21,5.776,494.0,24.5,19.7,75.8,17.8,907.0,2.811,496.0,2024,8,21,True,False,False,False,False,True,False
2024-08-21,17.372,591.0,24.5,19.7,75.8,17.8,907.0,21.999,640.0,2024,8,21,False,False,False,False,False,True,False
2024-08-22,17.225,599.0,24.2,18.9,73.0,17.6,908.4,25.759,625.0,2024,8,22,False,False,False,False,False,True,False
2024-08-22,5.095,512.0,24.2,18.9,73.0,17.6,908.4,2.14,511.0,2024,8,22,True,False,False,False,False,True,False
2024-08-23,5.834,513.0,24.8,19.1,71.4,17.8,908.7,2.094,511.0,2024,8,23,True,False,False,False,False,True,False
2024-08-23,24.389,597.0,24.8,19.1,71.4,17.8,908.7,25.091,639.0,2024,8,23,False,False,False,False,False,True,False
2024-08-24,36.357,576.0,23.5,18.9,75.6,22.5,909.1,29.715,636.0,2024,8,24,False,False,False,False,False,True,False
2024-08-24,6.27,501.0,23.5,18.9,75.6,22.5,909.1,3.717,528.0,2024,8,24,True,False,False,False,False,True,False
2024-08-25,8.906,476.0,23.1,18.6,76.2,23.7,908.2,3.883,525.0,2024,8,25,True,False,False,False,False,True,False
2024-08-25,39.694,548.0,23.1,18.6,76.2,23.7,908.2,21.233,652.0,2024,8,25,False,False,False,False,False,True,False
2024-08-26,7.227,489.0,23.5,18.7,75.3,23.2,907.7,3.782,550.0,2024,8,26,True,False,False,False,False,True,False
2024-08-26,21.077,572.0,23.5,18.7,75.3,23.2,907.7,15.663,668.0,2024,8,26,False,False,False,False,False,True,False
2024-08-27,28.825,565.0,23.5,18.6,75.0,19.0,909.0,12.748,661.0,2024,8,27,False,False,False,False,False,True,False
2024-08-27,7.155,496.0,23.5,18.6,75.0,19.0,909.0,3.11,530.0,2024,8,27,True,False,False,False,False,True,False
2024-08-28,7.774,460.0,22.9,19.1,79.9,18.5,908.6,4.421,530.0,2024,8,28,True,False,False,False,False,True,False
2024-08-28,20.712,581.0,22.9,19.1,79.9,18.5,908.6,10.186,655.0,2024,8,28,False,False,False,False,False,True,False
2024-08-29,16.639,600.0,22.5,19.7,84.7,18.0,907.1,17.311,702.0,2024,8,29,False,False,False,False,False,True,False
2024-08-29,6.475,508.0,22.5,19.7,84.7,18.0,907.1,3.418,511.0,2024,8,29,True,False,False,False,False,True,False
2024-08-31,7.905,507.0,23.1,19.2,79.2,23.9,907.0,3.205,533.0,2024,8,31,True,False,False,False,False,True,False
2024-08-31,15.173,593.0,23.1,19.2,79.2,23.9,907.0,16.553,691.0,2024,8,31,False,False,False,False,False,True,False
2024-09-01,8.008,470.0,23.7,18.8,74.9,24.7,906.1,3.511,521.0,2024,9,1,True,False,False,False,True,False,False
2024-09-01,21.944,572.0,23.7,18.8,74.9,24.7,906.1,21.352,656.0,2024,9,1,False,False,False,False,True,False,False
2024-09-02,27.536,562.0,24.0,19.7,77.6,19.1,906.3,18.881,691.0,2024,9,2,False,False,False,False,True,False,False
2024-09-02,7.171,478.0,24.0,19.7,77.6,19.1,906.3,3.047,547.0,2024,9,2,True,False,False,False,True,False,False
2024-09-03,18.037,582.0,23.8,19.5,77.1,20.3,907.9,15.58,711.0,2024,9,3,False,False,False,False,True,False,False
2024-09-03,5.593,475.0,23.8,19.5,77.1,20.3,907.9,4.516,550.0,2024,9,3,True,False,False,False,True,False,False
2024-09-04,7.786,470.0,24.0,19.5,76.7,20.0,907.8,4.405,560.0,2024,9,4,True,False,False,False,True,False,False
2024-09-04,33.015,556.0,24.0,19.5,76.7,20.0,907.8,18.452,742.0,2024,9,4,False,False,False,False,True,False,False
2024-09-05,6.292,465.0,24.3,19.3,74.3,19.6,906.9,5.809,516.0,2024,9,5,True,False,False,False,True,False,False
2024-09-05,23.899,549.0,24.3,19.3,74.3,19.6,906.9,25.317,651.0,2024,9,5,False,False,False,False,True,False,False
2024-09-06,6.489,455.0,23.3,19.0,77.2,21.9,907.6,4.593,525.0,2024,9,6,True,False,False,False,True,False,False
2024-09-06,24.296,529.0,23.3,19.0,77.2,21.9,907.6,18.164,672.0,2024,9,6,False,False,False,False,True,False,False
2024-09-07,20.102,533.0,23.7,19.4,77.4,21.0,908.1,9.592,655.0,2024,9,7,False,False,False,False,True,False,False
2024-09-07,8.095,434.0,23.7,19.4,77.4,21.0,908.1,3.416,523.0,2024,9,7,True,False,False,False,True,False,False
2024-09-08,9.433,428.0,23.4,19.5,79.2,18.9,907.9,2.559,532.0,2024,9,8,True,False,False,False,True,False,False
2024-09-08,17.336,533.0,23.4,19.5,79.2,18.9,907.9,9.099,732.0,2024,9,8,False,False,False,False,True,False,False
2024-09-09,7.246,433.0,23.5,19.1,77.0,21.6,906.1,5.051,539.0,2024,9,9,True,False,False,False,True,False,False
2024-09-09,19.584,530.0,23.5,19.1,77.0,21.6,906.1,14.943,725.0,2024,9,9,False,False,False,False,True,False,False
2024-09-10,7.422,408.0,23.8,18.8,75.1,24.4,906.4,4.083,551.0,2024,9,10,True,False,False,False,True,False,False
2024-09-10,16.148,539.0,23.8,18.8,75.1,24.4,906.4,15.019,755.0,2024,9,10,False,False,False,False,True,False,False
2024-09-11,8.905,425.0,23.5,17.8,71.8,22.0,907.9,4.282,548.0,2024,9,11,True,False,False,False,True,False,False
2024-09-11,18.13,537.0,23.5,17.8,71.8,22.0,907.9,19.967,755.0,2024,9,11,False,False,False,False,True,False,False
2024-09-12,29.346,531.0,23.7,18.5,74.2,17.6,908.7,27.971,690.0,2024,9,12,False,False,False,False,True,False,False
2024-09-12,10.589,396.0,23.7,18.5,74.2,17.6,908.7,3.233,560.0,2024,9,12,True,False,False,False,True,False,False
2024-09-13,11.123,393.0,23.9,17.5,69.0,17.1,908.4,4.116,562.0,2024,9,13,True,False,False,False,True,False,False
2024-09-13,33.591,511.0,23.9,17.5,69.0,17.1,908.4,29.306,717.0,2024,9,13,False,False,False,False,True,False,False
2024-09-14,30.03,499.0,23.9,17.2,68.2,17.9,908.0,29.122,735.0,2024,9,14,False,False,False,False,True,False,False
2024-09-14,11.815,405.0,23.9,17.2,68.2,17.9,908.0,3.426,553.0,2024,9,14,True,False,False,False,True,False,False
2024-09-15,10.739,407.0,23.5,17.5,70.8,20.8,908.1,3.066,541.0,2024,9,15,True,False,False,False,True,False,False
2024-09-15,28.001,487.0,23.5,17.5,70.8,20.8,908.1,25.659,713.0,2024,9,15,False,False,False,False,True,False,False
2024-09-16,15.321,375.0,23.6,18.4,74.3,18.5,908.2,2.243,570.0,2024,9,16,True,False,False,False,True,False,False
2024-09-16,22.89,490.0,23.6,18.4,74.3,18.5,908.2,7.268,672.0,2024,9,16,False,False,False,False,True,False,False
2024-09-17,31.56,511.0,24.2,17.2,66.2,20.5,907.5,13.422,760.0,2024,9,17,False,False,False,False,True,False,False
2024-09-17,11.54,384.0,24.2,17.2,66.2,20.5,907.5,6.109,566.0,2024,9,17,True,False,False,False,True,False,False
2024-09-18,22.078,517.0,23.5,15.2,62.3,15.6,906.7,14.871,740.0,2024,9,18,False,False,False,False,True,False,False
2024-09-18,15.204,380.0,23.5,15.2,62.3,15.6,906.7,6.518,570.0,2024,9,18,True,False,False,False,True,False,False
2024-09-19,6.112,431.0,24.4,16.8,65.3,14.4,907.0,4.025,574.0,2024,9,19,True,False,False,False,True,False,False
2024-09-19,18.533,528.0,24.4,16.8,65.3,14.4,907.0,19.166,758.0,2024,9,19,False,False,False,False,True,False,False
2024-09-20,17.677,539.0,24.7,18.1,68.0,14.6,907.0,21.231,777.0,2024,9,20,False,False,False,False,True,False,False
2024-09-20,19.704,403.0,24.7,18.1,68.0,14.6,907.0,4.377,585.0,2024,9,20,True,False,False,False,True,False,False
2024-09-21,13.498,419.0,24.0,18.6,73.7,17.2,907.3,5.422,570.0,2024,9,21,True,False,False,False,True,False,False
2024-09-21,19.029,535.0,24.0,18.6,73.7,17.2,907.3,28.273,730.0,2024,9,21,False,False,False,False,True,False,False
